items,hour,rain,event,kitchen_load,prep_time
"masala dosa, pasta",0,0,1,11,33.4
tandoori chicken,14,0,0,11,23.2
"tandoori chicken, pasta",17,1,0,3,23.6
"veg biryani, pizza",15,0,0,12,27.1
"masala dosa, paneer butter masala, chicken biryani",1,0,0,17,28.6
"masala dosa, pasta, paneer butter masala",22,0,1,15,40.7
"chicken biryani, burger, naan",20,0,0,19,39.8
"veg biryani, masala dosa",14,0,0,7,23.4
veg biryani,20,0,0,4,22.2
chicken biryani,9,0,0,2,17.3
"paneer butter masala, masala dosa",21,0,0,7,30.8
chicken biryani,9,0,0,18,24.7
tandoori chicken,15,0,0,6,18.6
"chicken biryani, naan, tandoori chicken",17,0,0,12,28.2
veg biryani,15,1,0,14,23.2
"pasta, tandoori chicken, chicken biryani",10,0,0,8,31.4
"naan, pizza, chicken biryani",18,1,0,15,34.6
"fried rice, pasta, veg biryani",9,0,0,9,31.6
"fried rice, paneer butter masala",9,0,0,7,19.7
"fried rice, masala dosa",2,0,0,19,26.8
"veg biryani, tandoori chicken, paneer butter masala",17,0,0,1,26.9
"fried rice, chicken biryani, burger",10,0,1,9,36.8
"chicken biryani, pasta, masala dosa",15,0,0,16,35.9
"pizza, masala dosa",14,0,0,3,19.3
pizza,20,0,0,14,27.9
"chicken biryani, naan",19,0,0,9,26.0
"paneer butter masala, naan, pizza",10,0,0,13,31.8
chicken biryani,2,0,0,4,16.8
"masala dosa, naan",22,1,0,13,26.7
veg biryani,9,1,0,19,27.9
masala dosa,12,0,1,13,32.3
"veg biryani, pasta, naan",12,0,0,11,34.9
"paneer butter masala, chicken biryani, naan",9,0,0,7,28.0
"naan, tandoori chicken, fried rice",17,0,0,13,32.4
"pasta, veg biryani",11,1,0,8,24.4
"burger, fried rice, pizza",5,0,0,15,38.4
"chicken biryani, paneer butter masala, tandoori chicken",7,0,0,9,28.2
"pasta, pizza",22,0,0,7,23.2
"fried rice, veg biryani",21,0,0,17,33.4
"chicken biryani, fried rice, paneer butter masala",12,0,0,1,31.2
paneer butter masala,0,0,0,12,24.9
"fried rice, pizza, pasta",10,0,0,17,29.6
naan,12,0,0,2,22.2
"pizza, chicken biryani",20,0,0,6,32.4
fried rice,21,0,0,4,22.0
pasta,0,0,0,9,18.8
"masala dosa, veg biryani, pasta",21,0,0,18,40.0
"naan, veg biryani",10,0,0,10,26.9
"fried rice, tandoori chicken, paneer butter masala",5,0,0,16,35.7
"masala dosa, pizza, pasta",20,0,0,12,41.1
"pizza, pasta",6,0,0,9,26.4
"naan, pizza",22,1,0,1,21.4
"masala dosa, tandoori chicken, fried rice",4,0,0,8,30.3
masala dosa,2,0,0,3,18.7
"burger, chicken biryani, tandoori chicken",21,1,0,14,43.7
paneer butter masala,22,0,0,1,16.4
"pizza, chicken biryani",9,0,0,16,29.5
"tandoori chicken, pizza, masala dosa",19,1,0,1,31.0
naan,15,0,0,14,22.6
tandoori chicken,16,0,1,2,23.1
"fried rice, burger",12,0,0,15,29.7
burger,17,0,0,3,16.4
"naan, paneer butter masala",0,0,0,12,25.6
veg biryani,20,0,1,17,36.9
"chicken biryani, veg biryani",22,0,0,1,20.1
veg biryani,7,0,0,3,15.5
"tandoori chicken, pasta",11,0,0,3,19.7
"pizza, tandoori chicken",11,0,1,2,28.3
masala dosa,14,0,0,17,24.4
"tandoori chicken, burger",2,0,0,18,32.6
"chicken biryani, masala dosa, fried rice",1,1,1,7,41.4
fried rice,10,0,0,16,23.0
pasta,12,0,0,15,26.0
"masala dosa, chicken biryani",14,0,0,17,28.0
fried rice,19,0,0,11,20.6
"pizza, chicken biryani",16,0,0,5,20.3
"naan, tandoori chicken",18,0,0,15,26.0
pasta,14,0,1,10,27.8
"fried rice, burger, tandoori chicken",21,0,0,19,37.9
chicken biryani,5,0,1,9,26.3
fried rice,9,0,0,1,12.4
"chicken biryani, pasta, veg biryani",16,0,0,13,30.8
"pizza, chicken biryani",14,0,1,7,28.9
"pizza, chicken biryani",11,0,0,16,31.8
paneer butter masala,7,0,0,14,23.4
naan,8,0,0,5,18.7
"chicken biryani, fried rice, veg biryani",1,0,0,5,26.9
"fried rice, pasta, chicken biryani",3,0,1,1,33.5
"pizza, paneer butter masala, pasta",9,0,0,16,33.4
"tandoori chicken, veg biryani",3,0,0,12,24.8
tandoori chicken,18,0,0,1,16.5
"burger, naan",21,0,0,8,29.9
"pizza, naan, veg biryani",0,1,0,13,33.4
pasta,19,0,0,17,21.0
"pizza, pasta",18,0,0,10,23.8
"fried rice, masala dosa",4,0,0,4,21.3
"veg biryani, masala dosa",23,0,1,4,30.1
"pasta, paneer butter masala",23,1,1,16,36.6
"chicken biryani, fried rice",1,0,0,5,24.0
"tandoori chicken, masala dosa, veg biryani",9,0,0,17,31.3
"fried rice, chicken biryani",18,0,0,13,26.0
"chicken biryani, naan",4,0,1,12,34.7
chicken biryani,9,0,1,19,29.8
"pizza, paneer butter masala, tandoori chicken",6,0,0,4,27.0
"chicken biryani, veg biryani",13,1,0,7,31.5
"chicken biryani, fried rice",0,0,0,5,20.7
"naan, pasta, chicken biryani",2,0,0,11,31.7
"chicken biryani, veg biryani",18,0,0,13,29.2
chicken biryani,7,0,0,2,18.3
fried rice,18,1,1,4,26.0
"chicken biryani, veg biryani",21,0,0,19,35.1
"tandoori chicken, paneer butter masala",19,0,1,7,33.5
chicken biryani,0,0,0,18,22.6
paneer butter masala,13,0,0,9,24.4
"masala dosa, naan",5,0,0,17,28.6
"pizza, masala dosa",12,0,0,13,29.8
"tandoori chicken, naan, burger",22,1,0,16,36.4
burger,20,0,0,18,29.0
"tandoori chicken, paneer butter masala",6,0,0,15,31.8
burger,1,0,1,11,26.0
naan,16,0,1,8,24.2
"chicken biryani, veg biryani, tandoori chicken",5,0,0,4,26.5
"masala dosa, veg biryani, chicken biryani",23,0,0,18,32.4
"pizza, burger",10,0,0,17,25.8
burger,3,0,0,13,19.7
"pizza, burger",1,1,0,18,33.0
"naan, fried rice",12,0,0,2,23.5
"chicken biryani, masala dosa",6,0,0,18,29.4
"burger, paneer butter masala, chicken biryani",15,1,0,17,36.3
"veg biryani, tandoori chicken, fried rice",12,0,0,16,40.5
"pasta, chicken biryani, fried rice",14,0,0,5,30.5
veg biryani,20,1,0,17,32.1
"fried rice, tandoori chicken",22,0,0,1,20.7
"burger, naan, chicken biryani",12,0,0,2,32.0
"naan, burger",19,0,0,2,23.6
"chicken biryani, naan, veg biryani",4,0,0,12,30.8
"naan, burger, masala dosa",1,0,0,17,34.8
"paneer butter masala, tandoori chicken",0,0,0,6,25.7
"veg biryani, burger, pizza",7,0,1,18,37.5
"fried rice, burger",9,0,1,6,32.9
"tandoori chicken, paneer butter masala, masala dosa",1,0,1,10,33.6
"chicken biryani, pasta, fried rice",14,0,1,2,32.9
"naan, tandoori chicken",7,0,0,16,29.0
"tandoori chicken, veg biryani, pasta",16,0,0,11,26.4
"naan, chicken biryani, pasta",1,0,0,8,27.5
fried rice,3,1,0,18,30.3
"veg biryani, chicken biryani",9,0,0,5,19.9
paneer butter masala,23,0,0,5,14.9
"pizza, veg biryani, fried rice",21,0,0,2,30.3
"chicken biryani, naan, paneer butter masala",13,0,0,15,35.9
"pizza, paneer butter masala, naan",11,0,0,11,32.2
"burger, paneer butter masala, chicken biryani",10,0,0,15,31.3
"pizza, chicken biryani",3,0,1,14,31.0
"pizza, naan",12,0,0,14,34.7
"pasta, pizza, veg biryani",13,0,0,3,31.6
masala dosa,8,0,0,6,19.9
"tandoori chicken, fried rice, pizza",8,0,0,5,28.0
naan,8,1,0,12,21.4
naan,18,0,0,4,19.7
pizza,1,0,0,2,13.4
"pasta, tandoori chicken, fried rice",15,0,0,12,30.2
"pizza, pasta",2,0,0,2,19.7
paneer butter masala,19,0,0,6,15.2
fried rice,21,0,0,16,29.1
pasta,7,0,0,9,19.6
"pizza, masala dosa",12,0,1,6,33.3
fried rice,10,0,1,4,27.6
"masala dosa, tandoori chicken",19,1,0,11,28.4
veg biryani,10,0,0,12,19.2
"burger, tandoori chicken, paneer butter masala",17,0,0,1,26.8
"chicken biryani, fried rice, tandoori chicken",10,0,0,5,29.0
"pizza, burger, masala dosa",1,0,0,6,28.0
"pasta, fried rice",7,0,0,10,23.8
chicken biryani,17,0,0,11,22.0
"veg biryani, fried rice",17,0,0,3,22.7
"fried rice, veg biryani, burger",13,1,1,14,46.6
"tandoori chicken, naan",10,1,1,2,32.0
"burger, masala dosa, chicken biryani",23,1,0,9,35.7
"fried rice, chicken biryani",8,0,0,3,22.3
"masala dosa, veg biryani",18,0,0,4,21.2
"masala dosa, pasta",18,0,0,18,28.5
masala dosa,2,0,0,6,20.6
"paneer butter masala, pizza",15,0,0,1,21.2
"masala dosa, pasta, tandoori chicken",7,0,0,8,28.6
burger,20,0,0,6,23.3
"paneer butter masala, pasta",16,0,0,15,28.6
masala dosa,15,1,0,7,23.2
"tandoori chicken, naan",5,0,0,4,24.0
"burger, pasta, masala dosa",21,0,0,10,37.1
"paneer butter masala, pasta, masala dosa",0,0,0,15,31.5
"pizza, pasta, burger",12,0,0,15,40.3
paneer butter masala,2,0,0,4,16.1
"burger, masala dosa",6,0,0,5,20.1
"pizza, naan, pasta",10,0,0,11,29.1
"tandoori chicken, chicken biryani, pizza",9,0,0,18,33.6
naan,9,1,1,4,27.1
tandoori chicken,8,1,0,5,18.9
masala dosa,1,0,0,19,25.4
paneer butter masala,11,0,1,11,25.5
veg biryani,15,1,0,1,18.2
"pasta, pizza",9,1,0,8,23.8
"chicken biryani, masala dosa",16,0,0,9,27.3
"paneer butter masala, chicken biryani, naan",15,0,0,11,30.4
masala dosa,0,0,1,11,29.1
pizza,5,0,1,7,27.6
"veg biryani, burger",5,0,0,18,27.6
"chicken biryani, burger, masala dosa",5,0,0,9,29.0
pasta,7,0,1,17,28.3
"paneer butter masala, veg biryani, fried rice",4,0,0,19,34.9
"pizza, masala dosa, veg biryani",12,0,0,13,36.2
"pizza, chicken biryani",12,0,0,19,37.3
"paneer butter masala, chicken biryani, masala dosa",19,0,0,6,22.7
fried rice,14,0,0,8,16.2
naan,9,0,0,18,22.4
pizza,11,1,0,3,20.9
"veg biryani, pizza, naan",10,0,0,15,30.2
"pasta, paneer butter masala, fried rice",9,0,0,15,34.2
masala dosa,1,1,0,14,26.2
"chicken biryani, pasta",17,1,0,5,24.9
"tandoori chicken, fried rice, chicken biryani",6,0,0,10,27.9
naan,14,0,0,19,27.2
naan,18,1,0,11,25.4
"burger, tandoori chicken, veg biryani",23,0,0,12,30.0
"naan, fried rice",8,0,0,12,28.0
"burger, masala dosa",20,0,1,12,39.9
"veg biryani, naan, fried rice",22,0,0,19,34.4
"pizza, naan, fried rice",1,0,0,2,23.3
veg biryani,13,0,0,4,23.5
"pasta, pizza",4,0,1,2,24.7
pizza,17,0,0,12,22.1
"pizza, chicken biryani",9,0,0,6,21.2
fried rice,23,0,0,10,21.7
"burger, paneer butter masala, pasta",6,1,0,14,34.3
"naan, burger",8,0,0,11,25.9
"pasta, tandoori chicken, burger",0,0,0,17,35.0
masala dosa,0,1,0,5,23.5
"pizza, tandoori chicken",12,0,0,15,33.7
"paneer butter masala, pasta, tandoori chicken",0,0,0,13,28.5
fried rice,22,0,0,2,15.9
"naan, veg biryani, fried rice",15,0,0,7,32.0
"chicken biryani, paneer butter masala",1,0,0,12,23.8
"masala dosa, pizza",8,0,0,12,27.9
burger,8,1,1,17,33.4
paneer butter masala,21,0,0,19,30.7
"pasta, pizza, naan",11,0,0,5,29.2
"pasta, veg biryani, burger",17,0,0,15,33.4
paneer butter masala,11,0,0,15,22.7
pasta,7,1,0,7,20.4
"masala dosa, burger, paneer butter masala",10,0,0,9,29.1
tandoori chicken,20,0,0,7,23.2
"paneer butter masala, chicken biryani",3,0,0,7,23.7
"fried rice, burger",13,0,0,2,25.1
"fried rice, chicken biryani, pasta",0,1,0,12,36.7
"naan, paneer butter masala, veg biryani",3,0,0,13,32.1
pasta,16,0,0,10,19.6
"burger, pasta, fried rice",7,0,1,13,40.5
"burger, pasta",10,0,1,3,28.5
"naan, paneer butter masala",14,0,0,10,23.9
"paneer butter masala, veg biryani, burger",12,0,0,5,28.8
paneer butter masala,0,1,0,5,19.9
"naan, burger",3,0,0,14,25.1
"veg biryani, chicken biryani",10,1,0,5,24.9
"paneer butter masala, pasta",0,0,0,14,28.7
"fried rice, masala dosa",11,1,0,4,25.4
"tandoori chicken, burger, pizza",0,0,1,19,38.4
masala dosa,16,0,0,17,23.6
pizza,21,1,0,5,28.3
naan,9,0,0,3,15.4
masala dosa,2,0,0,15,22.2
"pasta, chicken biryani, fried rice",13,0,0,9,36.8
masala dosa,9,0,0,10,21.1
"veg biryani, naan, pizza",20,0,0,15,39.7
"paneer butter masala, masala dosa",11,0,0,16,26.3
pizza,14,0,0,5,17.5
"paneer butter masala, masala dosa",17,1,0,13,34.6
fried rice,9,1,0,2,17.9
"chicken biryani, masala dosa",2,0,0,1,21.0
"tandoori chicken, veg biryani",16,0,0,16,28.6
"masala dosa, fried rice",3,0,0,10,25.6
veg biryani,17,0,0,13,20.2
"fried rice, naan",11,1,0,10,27.3
fried rice,20,0,0,4,20.3
"pasta, chicken biryani",16,0,0,12,26.4
"chicken biryani, veg biryani",19,0,0,13,26.6
burger,22,0,0,7,19.6
"tandoori chicken, masala dosa, pasta",18,0,0,5,27.6
"masala dosa, fried rice",0,0,1,4,28.6
"paneer butter masala, pizza",22,0,0,10,24.2
"naan, burger, masala dosa",3,0,0,18,34.7
"paneer butter masala, pizza, pasta",22,0,0,6,26.9
fried rice,0,0,0,11,19.4
"masala dosa, pasta, paneer butter masala",4,0,1,17,44.3
"tandoori chicken, chicken biryani",2,0,0,15,28.8
"pizza, paneer butter masala, burger",10,0,0,14,34.0
pasta,17,0,0,3,17.8
"veg biryani, masala dosa",9,0,0,6,22.8
"tandoori chicken, pizza",15,0,0,1,22.8
paneer butter masala,3,0,0,17,21.6
"tandoori chicken, paneer butter masala",11,0,0,15,32.5
naan,17,0,0,8,15.7
"fried rice, veg biryani, naan",20,0,0,7,31.6
"fried rice, veg biryani, pizza",0,0,1,3,34.1
veg biryani,5,0,0,14,25.3
"naan, burger",10,0,0,16,31.0
paneer butter masala,0,0,0,2,14.7
"naan, veg biryani",12,0,0,18,36.0
"pasta, masala dosa, naan",8,0,0,15,29.3
pizza,10,0,0,6,19.5
"chicken biryani, fried rice, pasta",14,1,0,19,37.0
tandoori chicken,23,1,0,16,25.2
"masala dosa, fried rice",14,0,0,1,20.1
"fried rice, naan",19,0,0,1,20.6
pizza,14,1,0,13,24.1
"pizza, naan, veg biryani",14,0,0,14,30.5
"veg biryani, fried rice, pizza",11,0,0,10,32.8
"burger, paneer butter masala",2,0,1,7,32.3
"fried rice, pizza",21,0,0,12,31.8
"veg biryani, burger",19,1,0,7,27.9
pizza,23,0,0,6,17.6
naan,18,0,0,10,22.6
"chicken biryani, pasta",11,0,0,12,24.7
fried rice,21,1,0,14,29.0
"tandoori chicken, paneer butter masala, chicken biryani",6,0,0,19,31.9
"fried rice, veg biryani",7,0,0,10,27.4
naan,7,0,0,15,22.0
"pasta, paneer butter masala",22,1,0,5,22.2
"paneer butter masala, chicken biryani",13,0,0,18,34.4
masala dosa,12,0,0,4,24.1
"tandoori chicken, chicken biryani",1,1,1,6,31.2
"chicken biryani, tandoori chicken",3,0,0,15,24.8
"pizza, paneer butter masala, pasta",18,0,0,4,27.6
"veg biryani, masala dosa, pasta",2,0,0,15,31.9
"paneer butter masala, naan",1,0,0,2,21.5
"pizza, naan",0,0,0,3,20.1
burger,14,0,0,8,15.8
"tandoori chicken, burger, paneer butter masala",17,0,0,10,33.1
"paneer butter masala, naan, veg biryani",15,0,0,10,33.9
"tandoori chicken, masala dosa, veg biryani",11,0,0,8,27.8
"pizza, fried rice, chicken biryani",19,0,0,11,32.2
chicken biryani,18,0,0,12,23.4
paneer butter masala,3,0,0,6,17.5
pizza,10,0,0,5,17.1
"pasta, paneer butter masala, tandoori chicken",6,1,0,3,31.0
veg biryani,21,0,0,14,26.8
"pasta, pizza",13,0,0,18,34.3
"tandoori chicken, fried rice",4,1,0,15,31.4
"masala dosa, chicken biryani",4,0,0,6,25.2
"pizza, paneer butter masala, chicken biryani",11,0,0,18,31.9
"paneer butter masala, pasta",22,0,0,6,22.6
chicken biryani,5,0,0,11,20.9
"pizza, veg biryani",6,0,0,17,28.9
"chicken biryani, tandoori chicken, naan",20,0,0,14,37.3
pasta,8,1,0,16,27.0
"burger, masala dosa, pasta",7,0,0,2,28.0
"veg biryani, chicken biryani",23,1,0,9,26.8
"fried rice, burger",15,0,0,2,21.4
"tandoori chicken, masala dosa, veg biryani",1,0,0,6,29.8
"naan, fried rice, tandoori chicken",5,1,0,13,34.2
burger,2,1,0,7,18.9
"paneer butter masala, burger",8,0,0,1,17.2
paneer butter masala,19,0,0,12,21.1
chicken biryani,15,0,0,2,15.5
"fried rice, naan, tandoori chicken",12,0,0,8,29.0
"masala dosa, pasta, veg biryani",16,0,0,12,35.6
"pizza, burger, tandoori chicken",19,0,0,15,37.2
masala dosa,20,0,0,18,30.5
pasta,5,0,0,11,20.0
pasta,3,1,0,13,25.3
naan,3,0,0,4,15.3
"masala dosa, chicken biryani",5,0,0,3,19.5
"chicken biryani, naan",0,0,0,18,29.6
veg biryani,7,1,0,7,21.4
"chicken biryani, veg biryani",6,0,0,13,25.3
"tandoori chicken, pasta",7,0,0,4,20.2
"chicken biryani, burger, naan",2,0,0,1,26.5
"chicken biryani, paneer butter masala",18,0,0,9,19.9
veg biryani,16,0,0,10,19.4
naan,12,0,0,18,30.5
"chicken biryani, tandoori chicken",12,0,0,7,27.2
pizza,0,0,0,18,24.6
"tandoori chicken, pizza",0,0,0,12,25.3
"chicken biryani, fried rice",14,0,0,15,28.4
veg biryani,8,0,0,11,19.4
"burger, fried rice, chicken biryani",19,0,0,2,23.3
"fried rice, pizza, veg biryani",3,0,0,18,31.1
"masala dosa, pasta",12,0,0,7,24.7
"burger, veg biryani, chicken biryani",12,0,0,4,33.1
"tandoori chicken, naan, fried rice",20,0,0,8,37.3
pizza,12,0,0,9,22.3
"veg biryani, burger, tandoori chicken",2,0,0,17,32.1
"naan, masala dosa, veg biryani",12,1,0,12,39.5
veg biryani,1,1,0,12,20.9
"pasta, naan, veg biryani",4,0,0,6,27.7
"tandoori chicken, masala dosa, paneer butter masala",11,0,1,8,34.9
"tandoori chicken, burger, naan",22,0,0,5,28.6
tandoori chicken,6,0,0,16,21.2
masala dosa,16,0,0,8,17.9
veg biryani,0,0,1,8,23.2
"masala dosa, naan, veg biryani",12,0,0,6,34.6
"masala dosa, tandoori chicken",15,1,0,12,27.6
"chicken biryani, veg biryani",8,0,0,14,26.4
"fried rice, veg biryani",10,0,0,2,20.2
burger,16,1,0,11,22.4
"chicken biryani, tandoori chicken",10,1,0,6,27.6
"tandoori chicken, pizza, naan",14,1,0,5,30.6
"veg biryani, chicken biryani, fried rice",23,0,0,13,26.6
pasta,21,0,0,14,28.1
"fried rice, burger",8,0,0,3,22.7
"pizza, masala dosa",14,0,0,18,29.2
masala dosa,5,1,0,1,19.6
"chicken biryani, tandoori chicken",8,1,0,14,30.6
"fried rice, masala dosa",14,1,0,2,23.8
"fried rice, veg biryani",3,0,0,15,27.6
"naan, burger",7,1,0,13,30.6
naan,17,1,0,6,17.7
"tandoori chicken, naan, burger",18,0,0,2,28.5
"pizza, fried rice",6,0,0,11,26.8
masala dosa,4,0,0,9,22.2
"fried rice, tandoori chicken, naan",23,0,0,14,32.6
"tandoori chicken, pizza",6,0,0,7,22.2
"fried rice, masala dosa, pizza",12,0,0,4,26.9
"paneer butter masala, veg biryani",14,0,0,3,23.4
"pasta, paneer butter masala",0,0,0,14,26.2
"masala dosa, burger",15,1,0,6,23.7
"paneer butter masala, burger, veg biryani",6,0,0,7,25.4
"chicken biryani, paneer butter masala, burger",10,1,0,18,39.1
"pizza, masala dosa",0,0,0,17,28.7
chicken biryani,21,0,0,4,20.1
masala dosa,7,1,0,18,22.4
"paneer butter masala, veg biryani",2,0,0,10,24.1
chicken biryani,12,1,1,17,39.4
"tandoori chicken, veg biryani, fried rice",19,1,0,1,28.8
paneer butter masala,14,1,0,8,26.3
tandoori chicken,15,0,0,8,17.8
"paneer butter masala, masala dosa, naan",22,0,0,13,32.4
"chicken biryani, masala dosa",18,0,0,13,25.1
tandoori chicken,14,0,0,1,13.9
pizza,13,0,0,15,30.1
"chicken biryani, tandoori chicken",2,1,0,19,34.9
"pasta, burger",21,0,0,16,34.4
masala dosa,10,1,0,8,19.2
"burger, pizza",8,0,0,4,25.0
"veg biryani, masala dosa",23,0,0,18,27.4
"chicken biryani, veg biryani",17,0,0,13,25.8
naan,3,0,0,2,15.3
"pizza, masala dosa",5,1,0,8,25.3
"masala dosa, naan, burger",20,0,0,18,38.6
"masala dosa, veg biryani",17,1,0,3,23.9
"burger, paneer butter masala, chicken biryani",14,0,0,7,30.2
tandoori chicken,3,0,0,8,17.4
"burger, paneer butter masala, chicken biryani",14,0,0,11,32.7
"pizza, pasta, tandoori chicken",10,0,0,13,29.9
"naan, veg biryani",0,0,0,15,25.1
"tandoori chicken, burger",10,0,0,5,22.4
chicken biryani,22,0,0,19,26.5
"burger, fried rice, chicken biryani",18,0,0,16,33.4
"pasta, chicken biryani, tandoori chicken",8,1,0,3,32.1
naan,11,0,0,14,21.2
naan,5,0,0,9,20.9
"masala dosa, fried rice, tandoori chicken",16,0,0,12,26.6
"veg biryani, pasta",19,0,0,2,22.5
"pizza, paneer butter masala, chicken biryani",13,0,0,6,35.2
"pizza, tandoori chicken, veg biryani",1,1,1,4,40.1
"pasta, fried rice",18,0,0,5,20.0
"veg biryani, chicken biryani",6,0,0,7,25.8
"pizza, paneer butter masala",2,0,0,4,20.9
paneer butter masala,14,0,0,5,20.6
"fried rice, pasta",9,0,0,2,25.0
naan,19,0,0,19,22.9
burger,0,0,0,6,18.0
"burger, naan",17,0,0,19,27.2
"masala dosa, pasta, paneer butter masala",7,0,0,18,33.6
masala dosa,7,0,0,15,20.5
"naan, tandoori chicken",8,0,0,15,31.2
"pasta, burger",4,0,0,11,26.1
"burger, paneer butter masala",0,1,0,11,25.7
"masala dosa, veg biryani, fried rice",17,0,0,13,32.4
"tandoori chicken, naan, veg biryani",2,0,0,3,26.9
naan,18,0,0,5,12.1
"pasta, naan",13,1,0,4,28.4
tandoori chicken,2,0,1,3,26.8
"tandoori chicken, fried rice",7,0,0,12,25.1
"tandoori chicken, pasta, pizza",19,0,0,4,25.1
"tandoori chicken, masala dosa, paneer butter masala",21,0,1,16,43.1
"veg biryani, chicken biryani, fried rice",9,0,0,13,30.1
chicken biryani,4,1,0,18,26.0
"paneer butter masala, pizza",5,1,0,4,27.1
"naan, tandoori chicken",15,0,0,11,24.0
"chicken biryani, masala dosa",6,1,0,7,28.8
"fried rice, chicken biryani",21,0,0,5,26.7
paneer butter masala,15,1,0,3,17.8
"chicken biryani, masala dosa",18,0,0,12,27.2
"veg biryani, naan, tandoori chicken",18,0,0,18,32.8
pizza,15,0,0,1,18.8
"tandoori chicken, chicken biryani, naan",7,0,0,2,28.0
"pizza, veg biryani",22,0,0,2,16.4
chicken biryani,8,0,0,1,13.3
"burger, paneer butter masala, fried rice",13,0,0,10,34.6
tandoori chicken,23,0,0,7,17.1
"naan, pasta",19,0,0,10,25.1
pasta,22,1,0,17,25.2
"chicken biryani, burger, paneer butter masala",17,0,0,14,30.4
"pasta, naan",17,0,0,8,23.3
"masala dosa, paneer butter masala",14,0,1,17,36.5
chicken biryani,3,0,0,3,16.7
"masala dosa, burger",17,0,0,18,30.8
chicken biryani,22,0,0,11,20.7
pizza,12,0,0,4,19.1
"pasta, veg biryani, masala dosa",15,0,0,9,31.0
pasta,6,0,0,6,17.6
pasta,22,0,0,3,18.1
"fried rice, chicken biryani",1,0,0,1,20.0
"pasta, fried rice, chicken biryani",13,0,0,16,37.6
"paneer butter masala, pizza, chicken biryani",12,0,0,9,32.2
chicken biryani,22,1,0,16,26.0
chicken biryani,22,0,0,2,16.6
pizza,10,0,0,5,19.9
fried rice,1,0,0,5,22.7
veg biryani,1,1,0,9,22.8
"naan, masala dosa",13,0,0,11,33.1
"paneer butter masala, naan",13,1,0,9,32.3
veg biryani,2,1,0,16,21.5
tandoori chicken,18,0,0,1,14.4
"chicken biryani, paneer butter masala",16,0,0,11,24.7
tandoori chicken,10,0,0,17,23.3
"tandoori chicken, fried rice, pizza",22,1,0,16,38.5
"tandoori chicken, pizza",11,0,0,15,28.1
"naan, pasta",12,0,0,3,26.0
chicken biryani,15,0,0,6,16.8
pizza,16,0,0,14,21.6
"fried rice, paneer butter masala, chicken biryani",6,1,0,9,33.8
"fried rice, pasta, veg biryani",15,0,1,2,35.2
"pizza, fried rice",11,0,0,4,20.1
"pizza, burger, veg biryani",5,0,0,17,32.9
"chicken biryani, veg biryani",10,0,0,6,24.4
"pizza, paneer butter masala",6,0,1,10,31.1
masala dosa,10,0,0,13,23.3
fried rice,10,0,0,14,20.9
masala dosa,16,0,0,4,16.6
chicken biryani,2,0,0,14,21.3
"pasta, fried rice, burger",3,0,0,14,33.9
burger,8,1,0,16,29.4
"fried rice, masala dosa, naan",11,0,0,12,31.1
"tandoori chicken, paneer butter masala",7,0,0,3,23.8
"pasta, masala dosa, pizza",1,0,0,9,30.0
"pasta, chicken biryani",12,1,0,1,29.8
veg biryani,9,0,0,8,17.7
"burger, naan, pizza",15,0,0,8,25.3
"pizza, burger, fried rice",19,1,0,19,37.7
"masala dosa, pasta, burger",3,0,0,13,28.3
chicken biryani,19,1,0,2,19.7
pizza,9,0,0,18,24.0
"tandoori chicken, chicken biryani",4,0,0,8,23.6
"tandoori chicken, veg biryani",7,0,0,3,18.3
"pizza, fried rice, pasta",19,0,0,13,36.5
"naan, pasta, paneer butter masala",5,0,0,17,32.1
"chicken biryani, veg biryani",8,0,0,1,22.7
"naan, pizza",1,0,0,11,24.3
"pizza, tandoori chicken",20,0,0,5,29.2
veg biryani,1,0,0,9,18.3
pasta,15,0,0,14,20.6
burger,21,0,0,8,21.0
"paneer butter masala, pasta",14,0,0,16,30.1
pizza,1,1,0,14,23.0
"pasta, veg biryani, chicken biryani",0,0,0,17,36.7
"naan, veg biryani, pizza",11,0,0,4,28.8
"naan, fried rice, chicken biryani",15,0,0,8,28.7
"pizza, tandoori chicken, naan",2,0,0,7,28.7
paneer butter masala,12,0,0,10,27.4
"masala dosa, veg biryani, pasta",3,0,0,9,26.0
"burger, paneer butter masala",22,0,0,6,23.1
pasta,9,0,0,12,19.5
burger,0,0,0,13,23.1
"pizza, pasta, fried rice",7,1,0,6,30.6
"tandoori chicken, naan, veg biryani",3,1,0,18,35.5
chicken biryani,17,0,0,12,20.7
"pizza, veg biryani",4,0,0,12,25.7
"naan, pizza",12,0,0,4,28.6
burger,9,0,0,2,15.5
veg biryani,22,0,0,1,13.1
"veg biryani, fried rice, tandoori chicken",12,1,0,10,40.6
masala dosa,19,0,0,11,23.3
"pasta, naan",20,0,0,5,29.9
fried rice,5,0,0,4,17.2
"masala dosa, tandoori chicken",21,0,1,3,33.3
"chicken biryani, pizza",4,0,0,10,25.8
"naan, pizza",23,0,0,15,25.3
"chicken biryani, masala dosa",14,1,0,5,25.4
chicken biryani,10,0,0,18,20.9
masala dosa,12,0,0,5,19.5
"pasta, veg biryani",11,0,0,13,27.8
"paneer butter masala, pasta, veg biryani",8,0,0,13,32.5
"pizza, masala dosa, fried rice",17,0,0,14,29.8
"fried rice, naan, pizza",11,1,0,1,30.0
"burger, naan, tandoori chicken",17,0,0,3,27.1
"veg biryani, tandoori chicken",11,0,0,3,20.8
"veg biryani, burger, chicken biryani",5,1,0,19,36.6
"fried rice, burger, veg biryani",19,0,0,4,24.4
"pizza, burger, tandoori chicken",17,1,0,2,29.5
"tandoori chicken, chicken biryani",7,1,0,11,32.0
fried rice,23,0,0,9,19.3
pasta,21,1,0,6,23.7
"veg biryani, fried rice",14,0,0,6,28.3
"paneer butter masala, pasta, chicken biryani",9,0,0,19,36.4
"burger, paneer butter masala",22,0,0,14,22.6
paneer butter masala,9,0,0,7,15.1
"tandoori chicken, pizza, chicken biryani",22,1,0,9,29.7
chicken biryani,2,0,0,3,18.4
pasta,8,0,0,14,23.4
fried rice,5,0,1,11,25.8
pasta,13,1,0,16,29.9
"pasta, masala dosa",18,0,0,15,29.5
"paneer butter masala, masala dosa, pizza",10,1,0,17,36.3
"veg biryani, fried rice, pasta",20,0,0,13,35.8
"paneer butter masala, masala dosa, chicken biryani",16,0,0,9,30.7
chicken biryani,14,0,0,9,20.4
pasta,20,0,0,4,20.6
"burger, masala dosa",6,0,0,13,26.2
"burger, masala dosa, veg biryani",13,1,0,19,38.7
"paneer butter masala, pasta, burger",7,0,0,10,30.4
"chicken biryani, pizza, burger",5,0,0,2,25.7
"fried rice, masala dosa",7,0,0,7,22.1
"burger, chicken biryani, veg biryani",21,0,0,7,30.4
"naan, tandoori chicken, pizza",16,0,1,19,41.2
veg biryani,2,0,0,17,24.9
"chicken biryani, masala dosa",12,0,0,18,34.8
pizza,7,0,0,15,24.6
chicken biryani,20,0,0,18,34.5
"masala dosa, veg biryani, chicken biryani",3,0,0,2,26.7
"masala dosa, chicken biryani, pizza",7,0,0,15,30.6
naan,5,0,0,18,25.9
burger,9,0,0,9,17.4
burger,1,0,1,11,27.2
"pizza, pasta",10,0,0,4,22.3
"pasta, tandoori chicken",3,0,0,13,22.7
tandoori chicken,2,1,0,17,24.1
"fried rice, burger",16,0,0,1,18.8
"paneer butter masala, veg biryani, pizza",15,0,0,5,28.3
pizza,16,1,0,17,27.3
"chicken biryani, masala dosa",7,0,0,19,29.8
"veg biryani, burger",10,0,0,5,17.6
"masala dosa, pasta",4,1,0,16,30.9
chicken biryani,9,0,0,12,21.4
"fried rice, veg biryani, naan",6,0,0,9,26.8
"tandoori chicken, veg biryani",10,0,0,1,21.8
chicken biryani,13,0,0,8,25.5
"veg biryani, burger, masala dosa",3,0,0,6,25.6
"burger, veg biryani",12,0,0,4,30.3
"veg biryani, masala dosa, burger",2,0,0,13,28.0
"masala dosa, naan",16,1,0,5,25.7
"pasta, naan, pizza",19,1,0,17,36.0
"paneer butter masala, veg biryani, tandoori chicken",23,0,0,17,31.5
pasta,6,1,0,11,26.3
veg biryani,18,0,0,17,22.4
"pasta, tandoori chicken, veg biryani",19,0,1,10,38.3
"chicken biryani, masala dosa, paneer butter masala",1,0,0,1,26.7
"masala dosa, veg biryani, pasta",13,0,0,12,36.3
"pizza, masala dosa",19,1,0,11,28.6
"tandoori chicken, pasta",7,1,0,8,26.1
"burger, masala dosa",4,1,0,2,23.2
"burger, pasta, fried rice",8,0,0,12,31.0
"masala dosa, tandoori chicken, fried rice",20,1,0,9,38.0
chicken biryani,4,0,0,7,19.2
paneer butter masala,6,0,0,11,18.5
"pasta, paneer butter masala, veg biryani",3,1,0,4,33.2
"naan, burger, chicken biryani",14,0,0,6,26.0
"tandoori chicken, pizza",1,0,0,15,27.8
"paneer butter masala, tandoori chicken",12,0,1,9,35.7
pizza,5,0,0,18,26.1
"veg biryani, burger, naan",4,0,1,14,37.4
"burger, masala dosa",4,0,0,18,26.4
burger,2,0,0,6,18.4
"tandoori chicken, pizza",0,0,0,11,23.8
"chicken biryani, veg biryani",9,1,0,12,29.8
chicken biryani,11,1,0,3,14.3
chicken biryani,21,1,0,12,28.9
paneer butter masala,4,0,0,19,23.5
paneer butter masala,14,0,0,12,19.9
"masala dosa, paneer butter masala",15,0,1,2,26.3
"pasta, burger, tandoori chicken",8,1,1,8,42.2
"fried rice, chicken biryani",7,0,0,4,23.4
"naan, burger, veg biryani",14,0,0,18,31.4
"tandoori chicken, burger",23,0,0,9,25.4
"veg biryani, pasta, burger",2,0,0,11,31.6
veg biryani,13,0,0,8,24.9
"tandoori chicken, naan, veg biryani",4,0,0,3,27.9
"paneer butter masala, chicken biryani, burger",11,1,0,4,28.5
pizza,11,1,1,7,25.4
pasta,5,0,0,3,16.3
"chicken biryani, burger, veg biryani",8,0,0,13,30.2
"veg biryani, tandoori chicken, burger",4,0,0,18,31.6
chicken biryani,13,0,1,10,33.5
naan,14,1,0,5,19.7
"naan, pasta, paneer butter masala",20,1,0,11,39.9
chicken biryani,9,0,0,12,19.4
masala dosa,20,0,0,7,25.4
veg biryani,16,1,0,14,24.7
paneer butter masala,16,0,0,8,22.0
"veg biryani, masala dosa, naan",7,0,0,7,28.7
paneer butter masala,1,0,0,3,15.9
fried rice,18,0,0,8,17.7
"burger, paneer butter masala, veg biryani",2,1,0,17,38.9
"naan, chicken biryani, pizza",0,0,0,13,32.9
"masala dosa, burger",8,0,1,7,25.4
"paneer butter masala, chicken biryani, burger",11,0,0,3,25.3
tandoori chicken,15,0,0,9,17.6
"fried rice, paneer butter masala, tandoori chicken",16,1,0,18,35.3
"naan, pasta, tandoori chicken",17,0,0,15,30.7
naan,19,1,1,8,27.8
pasta,17,0,0,2,16.5
"pasta, naan",11,0,0,11,24.9
paneer butter masala,6,0,1,15,34.1
"chicken biryani, naan, tandoori chicken",0,0,0,6,29.4
paneer butter masala,18,0,1,2,24.9
"tandoori chicken, pizza",13,0,0,6,28.5
"tandoori chicken, pasta, paneer butter masala",12,0,0,17,39.5
"veg biryani, burger",4,0,0,9,21.9
"fried rice, naan, paneer butter masala",15,1,0,17,34.1
tandoori chicken,17,0,0,1,15.1
chicken biryani,16,0,0,4,13.1
"fried rice, burger, naan",10,0,0,3,26.4
"masala dosa, pizza, chicken biryani",12,0,0,19,40.4
"fried rice, pasta, naan",20,0,0,8,34.0
"pizza, paneer butter masala, naan",5,0,0,13,30.2
"masala dosa, pasta, chicken biryani",14,1,0,19,35.5
"masala dosa, veg biryani, pasta",19,1,0,4,29.4
"burger, veg biryani",19,0,0,19,27.9
"burger, naan, masala dosa",21,0,1,18,46.0
"paneer butter masala, pasta",4,1,1,18,37.7
"pasta, fried rice",6,0,0,11,24.5
"paneer butter masala, fried rice, tandoori chicken",19,0,0,6,30.4
"pasta, chicken biryani",8,0,0,1,18.8
paneer butter masala,16,0,0,19,23.5
"masala dosa, naan",1,0,0,1,20.9
"tandoori chicken, burger, pizza",15,0,0,15,33.0
chicken biryani,18,0,0,18,23.3
"pizza, burger, chicken biryani",18,1,1,8,39.1
"paneer butter masala, burger, veg biryani",2,0,1,5,33.0
burger,4,1,0,18,25.7
"burger, fried rice, pizza",16,0,0,3,29.9
"paneer butter masala, chicken biryani",19,0,0,16,29.6
chicken biryani,9,0,0,7,22.7
"tandoori chicken, chicken biryani, masala dosa",10,0,1,9,36.9
"masala dosa, naan",23,0,0,2,19.4
tandoori chicken,5,0,0,10,23.9
tandoori chicken,2,0,0,2,14.9
"naan, burger",18,1,1,10,32.4
"veg biryani, pasta, masala dosa",14,1,0,4,31.0
"fried rice, masala dosa",10,0,0,1,20.6
"pasta, fried rice",21,0,0,1,25.0
"pasta, veg biryani, burger",3,0,0,14,33.1
"tandoori chicken, burger, pasta",18,1,0,18,35.0
"chicken biryani, naan",15,0,0,15,26.6
"tandoori chicken, paneer butter masala, pasta",19,0,0,17,30.3
masala dosa,15,0,0,18,23.0
"pizza, paneer butter masala, fried rice",8,0,0,15,33.0
"masala dosa, chicken biryani",9,0,0,14,25.2
chicken biryani,14,0,0,3,14.8
"paneer butter masala, tandoori chicken",3,0,0,16,28.8
tandoori chicken,20,1,1,13,37.4
"masala dosa, naan",14,0,0,6,24.7
"naan, fried rice",19,0,0,10,26.8
veg biryani,3,0,0,11,17.1
"burger, tandoori chicken, masala dosa",6,0,0,9,30.1
"pizza, fried rice, pasta",1,0,0,2,23.3
"pizza, paneer butter masala",10,0,0,4,23.4
"pizza, tandoori chicken, naan",15,0,0,15,31.5
naan,5,0,0,7,15.0
naan,8,0,0,4,15.6
naan,9,0,0,1,13.7
pizza,19,1,0,5,22.2
"burger, chicken biryani",17,1,0,4,26.9
pizza,20,0,0,10,20.7
"naan, chicken biryani, pasta",0,0,0,13,32.6
"veg biryani, pizza, paneer butter masala",20,0,1,5,37.2
"pizza, chicken biryani, pasta",20,0,1,1,34.8
"veg biryani, burger, paneer butter masala",13,0,1,6,40.4
pasta,11,0,0,10,26.0
"naan, pizza, masala dosa",14,1,0,16,35.2
chicken biryani,8,0,0,5,20.7
"fried rice, naan",20,0,0,15,27.0
"naan, tandoori chicken, pasta",1,0,0,5,26.7
"veg biryani, masala dosa",12,0,0,1,23.5
"pizza, paneer butter masala",6,0,0,10,21.4
"chicken biryani, burger, naan",9,0,0,2,30.9
"fried rice, chicken biryani, masala dosa",11,0,0,19,35.4
burger,17,0,0,8,18.9
burger,2,0,0,3,16.9
"masala dosa, naan, tandoori chicken",10,0,0,1,24.3
"burger, pizza",14,0,0,16,25.9
veg biryani,6,1,0,7,22.4
"naan, masala dosa, tandoori chicken",0,0,0,17,31.9
chicken biryani,11,0,0,7,17.9
"tandoori chicken, chicken biryani",2,0,0,3,21.4
veg biryani,17,0,0,16,25.5
masala dosa,20,1,0,19,32.8
naan,22,0,0,7,15.9
"paneer butter masala, veg biryani",18,1,0,3,24.1
"chicken biryani, masala dosa",6,0,0,8,21.3
"pizza, paneer butter masala",4,0,0,17,28.3
"chicken biryani, veg biryani, tandoori chicken",15,0,0,13,30.0
veg biryani,11,0,0,4,16.8
masala dosa,4,0,0,11,20.1
"burger, veg biryani",21,1,0,9,33.8
"pasta, paneer butter masala",19,0,0,15,27.7
pizza,0,0,0,16,21.8
veg biryani,5,0,0,17,21.9
"chicken biryani, pizza",11,0,0,6,26.0
"naan, paneer butter masala",10,0,1,3,31.4
naan,20,1,0,10,27.3
"masala dosa, pasta",22,0,0,11,23.8
"veg biryani, masala dosa, paneer butter masala",19,0,0,2,24.7
"pizza, burger",12,0,1,12,38.8
"masala dosa, pasta",2,0,0,19,32.7
"tandoori chicken, masala dosa, pasta",23,1,0,17,38.4
veg biryani,4,0,1,1,20.3
"masala dosa, paneer butter masala, pizza",10,0,0,14,32.9
"pizza, chicken biryani, pasta",18,0,0,15,29.8
"burger, pizza",11,1,0,6,27.3
pizza,19,0,0,8,20.4
veg biryani,23,0,0,6,19.9
"chicken biryani, paneer butter masala, tandoori chicken",8,1,0,14,34.6
tandoori chicken,18,0,0,14,21.3
"tandoori chicken, paneer butter masala",23,1,1,6,34.5
"paneer butter masala, pizza, chicken biryani",17,0,0,1,24.1
"fried rice, pasta",16,0,1,11,32.8
burger,12,1,0,10,28.0
"masala dosa, burger",9,0,0,13,26.1
"chicken biryani, naan, fried rice",16,0,0,19,34.1
"burger, chicken biryani",6,0,0,6,22.9
"burger, veg biryani, fried rice",6,0,1,17,41.3
chicken biryani,9,0,0,10,22.2
"masala dosa, tandoori chicken",11,0,0,19,33.0
"burger, pizza, chicken biryani",16,0,0,19,33.5
paneer butter masala,8,1,0,2,19.7
"pizza, pasta, naan",16,0,1,12,33.8
"tandoori chicken, burger, veg biryani",23,0,0,10,31.4
fried rice,22,0,0,18,27.2
"fried rice, paneer butter masala, naan",16,0,0,11,30.5
"fried rice, pasta, pizza",17,0,0,9,26.9
"masala dosa, veg biryani",4,0,0,1,23.0
"masala dosa, chicken biryani, pasta",13,0,0,18,42.4
fried rice,7,0,0,14,22.3
"naan, chicken biryani, paneer butter masala",5,0,0,15,31.7
"masala dosa, pasta, chicken biryani",2,1,0,6,29.0
"chicken biryani, pizza, fried rice",7,0,0,5,33.6
"burger, fried rice, masala dosa",5,1,0,11,30.0
"masala dosa, pizza",10,0,0,8,26.2
naan,0,0,1,16,31.7
masala dosa,2,0,1,16,33.3
"tandoori chicken, naan",3,0,0,9,25.0
"chicken biryani, paneer butter masala, pasta",12,1,0,14,41.6
"chicken biryani, fried rice",17,0,0,12,26.7
"tandoori chicken, chicken biryani",9,1,0,11,29.1
"burger, paneer butter masala",15,0,0,2,19.6
"burger, masala dosa",0,1,0,15,30.4
"burger, pizza",17,0,1,8,30.2
paneer butter masala,6,0,0,10,19.0
"chicken biryani, naan",16,0,0,13,25.7
"burger, paneer butter masala",3,0,0,2,21.7
"tandoori chicken, fried rice, masala dosa",22,1,0,14,34.3
"veg biryani, tandoori chicken, pasta",5,0,0,14,32.6
tandoori chicken,23,0,0,17,24.1
"fried rice, paneer butter masala, masala dosa",3,0,0,2,25.9
masala dosa,8,0,0,16,23.4
tandoori chicken,17,0,0,15,22.5
"pizza, burger",10,0,0,17,28.5
"masala dosa, pizza",13,0,0,12,30.3
masala dosa,15,0,0,7,18.9
pizza,10,0,0,8,18.5
"pizza, naan",1,0,1,5,33.0
paneer butter masala,18,0,0,4,17.1
"pasta, masala dosa, naan",9,1,1,13,39.7
veg biryani,7,0,0,3,17.3
"fried rice, tandoori chicken",20,0,0,2,26.4
"chicken biryani, masala dosa, burger",16,0,0,6,29.7
"masala dosa, tandoori chicken",2,0,0,3,20.9
pasta,22,0,0,5,19.0
"fried rice, veg biryani",3,0,0,9,24.8
"pasta, paneer butter masala",17,0,0,4,18.7
"pizza, pasta, chicken biryani",20,0,0,18,38.7
"pizza, masala dosa",2,0,0,1,19.4
"veg biryani, tandoori chicken, fried rice",15,0,0,8,27.1
"chicken biryani, pizza",21,0,1,7,34.2
"burger, paneer butter masala",18,0,0,16,30.7
"pizza, paneer butter masala",3,0,0,13,27.7
"veg biryani, paneer butter masala, chicken biryani",1,0,0,18,32.8
"paneer butter masala, masala dosa",8,0,0,9,22.3
"pasta, masala dosa, veg biryani",1,0,0,1,23.9
pasta,11,0,0,13,22.9
"veg biryani, masala dosa",13,0,0,8,29.4
"burger, masala dosa, pasta",14,0,0,19,35.5
"naan, pizza, paneer butter masala",17,0,0,17,34.1
"masala dosa, burger, tandoori chicken",0,1,0,6,28.1
"burger, naan, paneer butter masala",14,0,0,13,31.7
"naan, burger",15,0,0,11,28.1
veg biryani,3,0,0,2,17.0
pasta,1,0,0,19,24.9
"pasta, tandoori chicken, burger",2,0,0,6,26.2
paneer butter masala,12,0,1,17,37.4
"masala dosa, fried rice",16,0,0,14,25.7
tandoori chicken,13,0,0,1,22.3
chicken biryani,3,0,1,1,23.8
"veg biryani, tandoori chicken, burger",8,0,0,16,32.6
burger,8,0,0,14,23.7
burger,14,0,0,10,19.8
burger,2,1,0,8,23.7
"pasta, naan, fried rice",17,1,0,16,36.3
"pasta, paneer butter masala, veg biryani",20,0,0,9,32.6
"fried rice, tandoori chicken, burger",6,0,0,12,34.5
"pasta, masala dosa, burger",14,1,0,16,34.4
"burger, naan",22,0,0,17,27.3
"naan, masala dosa, chicken biryani",16,1,0,1,29.2
veg biryani,20,1,0,15,29.0
tandoori chicken,13,0,0,5,21.7
"pasta, burger, paneer butter masala",22,0,0,18,33.7
"naan, burger, tandoori chicken",14,0,0,8,30.5
"pasta, paneer butter masala",16,0,0,17,29.1
"pasta, tandoori chicken",9,0,0,5,21.0
"chicken biryani, fried rice",19,0,0,16,27.5
naan,4,0,0,19,25.3
"naan, chicken biryani, pasta",8,0,0,8,33.2
"fried rice, naan",10,0,1,9,30.4
"masala dosa, chicken biryani, pasta",11,0,0,1,24.7
"chicken biryani, burger, tandoori chicken",4,0,0,15,30.3
burger,20,0,0,15,27.9
"pasta, chicken biryani, pizza",18,1,0,13,33.5
fried rice,16,0,0,13,22.3
"fried rice, naan, tandoori chicken",2,0,0,14,32.3
"masala dosa, naan",17,0,0,15,29.2
"pasta, burger, veg biryani",7,1,0,17,34.8
"fried rice, naan, paneer butter masala",4,0,0,17,32.2
fried rice,12,0,0,15,22.5
"paneer butter masala, fried rice",9,0,0,18,27.7
"tandoori chicken, veg biryani",1,0,1,14,33.7
"chicken biryani, fried rice",14,0,0,11,24.1
"masala dosa, burger, naan",20,0,0,3,32.9
"paneer butter masala, pizza",21,0,0,8,24.9
"masala dosa, tandoori chicken",13,0,0,7,27.6
fried rice,18,0,0,14,21.4
naan,13,0,0,4,21.1
masala dosa,23,1,0,13,24.6
"paneer butter masala, masala dosa, chicken biryani",20,0,0,8,37.5
"fried rice, pizza",21,1,0,8,32.0
"veg biryani, chicken biryani",4,0,0,7,26.2
"paneer butter masala, burger, pasta",6,0,0,18,36.9
"veg biryani, fried rice",12,0,0,7,30.1
pasta,3,0,0,6,19.1
burger,20,1,0,12,30.5
"fried rice, naan, masala dosa",15,0,0,8,28.6
"veg biryani, fried rice, tandoori chicken",10,0,0,10,26.4
"pizza, veg biryani, naan",11,0,0,11,32.0
"chicken biryani, paneer butter masala",4,0,0,4,20.6
"veg biryani, paneer butter masala",23,1,0,3,23.2
paneer butter masala,20,1,0,16,29.3
"pasta, naan",12,0,1,12,42.4
"veg biryani, paneer butter masala, naan",10,0,0,17,31.6
"tandoori chicken, fried rice, burger",7,0,0,5,26.3
pizza,9,0,0,2,15.4
"pasta, masala dosa",1,0,0,14,24.6
burger,2,0,0,9,18.3
"masala dosa, chicken biryani",7,0,0,13,26.1
naan,3,0,0,2,15.7
"pasta, fried rice",6,0,0,17,30.0
"masala dosa, tandoori chicken",10,0,0,16,27.8
"paneer butter masala, masala dosa",18,0,0,7,23.4
"pizza, masala dosa, veg biryani",22,0,0,15,33.4
"masala dosa, chicken biryani, burger",6,0,0,8,28.5
"veg biryani, tandoori chicken, paneer butter masala",23,0,0,11,29.3
masala dosa,0,0,0,5,18.8
"chicken biryani, paneer butter masala",7,0,0,15,28.9
tandoori chicken,22,0,0,5,15.9
"chicken biryani, tandoori chicken, veg biryani",7,0,0,15,30.0
"tandoori chicken, burger, chicken biryani",2,0,0,6,28.2
"chicken biryani, naan",5,0,0,16,28.8
tandoori chicken,7,0,0,2,15.2
"naan, masala dosa",21,0,0,4,25.0
"masala dosa, pizza, burger",3,0,0,15,31.0
veg biryani,5,0,0,4,17.9
"veg biryani, naan",12,0,0,12,35.2
naan,17,0,1,10,24.9
"naan, chicken biryani, masala dosa",8,0,0,3,26.5
"pizza, burger, naan",12,0,0,19,36.1
"pasta, paneer butter masala",7,0,0,16,23.9
"paneer butter masala, masala dosa",13,0,0,11,29.2
paneer butter masala,3,0,0,15,21.7
paneer butter masala,9,1,0,1,15.7
paneer butter masala,2,0,0,7,18.4
"pasta, fried rice",18,0,0,12,25.7
"naan, pasta, tandoori chicken",11,0,1,3,32.9
"naan, paneer butter masala, pasta",10,0,0,17,31.5
tandoori chicken,23,0,0,10,19.3
fried rice,1,0,0,9,17.0
"tandoori chicken, naan, masala dosa",4,0,0,18,35.5
"pizza, fried rice",11,0,0,2,21.7
"masala dosa, veg biryani, naan",12,0,0,9,32.0
"paneer butter masala, pasta",16,0,0,16,28.2
"burger, masala dosa",6,0,0,2,20.5
"fried rice, tandoori chicken",1,0,1,15,34.9
"pasta, paneer butter masala, chicken biryani",21,0,0,10,36.9
"burger, veg biryani, fried rice",7,0,0,14,32.8
fried rice,2,0,0,13,22.1
fried rice,16,0,0,16,24.7
pasta,1,0,0,13,20.5
"veg biryani, fried rice, burger",6,0,0,4,25.4
"pizza, chicken biryani, veg biryani",6,0,0,12,30.2
paneer butter masala,16,0,0,14,21.8
naan,10,0,0,8,12.6
"pizza, masala dosa, burger",9,0,0,11,27.9
"naan, masala dosa, pizza",0,0,0,8,27.5
"naan, pizza",14,1,0,5,23.8
"burger, veg biryani, chicken biryani",2,0,0,13,31.6
"naan, fried rice, veg biryani",16,1,0,8,31.4
"pizza, masala dosa",9,0,0,15,26.3
burger,15,1,0,16,24.9
"paneer butter masala, tandoori chicken, pasta",3,0,0,6,30.0
"masala dosa, burger, fried rice",14,0,0,1,23.7
"pasta, fried rice",21,0,0,13,32.2
"veg biryani, pasta",3,0,0,19,33.0
veg biryani,16,0,0,15,22.5
"pasta, pizza, veg biryani",16,0,0,19,35.1
"masala dosa, chicken biryani",19,0,0,11,22.5
"chicken biryani, naan",15,0,0,19,28.0
"chicken biryani, naan, masala dosa",5,0,0,11,30.4
"fried rice, veg biryani",10,0,0,6,21.3
"masala dosa, veg biryani",18,0,0,8,21.8
paneer butter masala,7,0,0,15,25.3
"pizza, pasta, naan",6,0,0,6,25.3
fried rice,12,0,0,5,20.4
"chicken biryani, pizza, veg biryani",6,0,0,17,36.0
chicken biryani,16,0,0,9,18.5
pizza,22,0,1,19,30.8
"masala dosa, fried rice, burger",7,0,0,3,22.4
"pasta, veg biryani",18,0,0,19,28.1
naan,22,0,0,6,13.5
paneer butter masala,18,0,0,17,21.1
burger,23,0,0,7,16.5
"pasta, naan",21,1,0,12,34.1
"masala dosa, pasta",10,0,0,17,31.5
"naan, fried rice",1,0,0,18,30.8
"chicken biryani, masala dosa",15,1,0,19,33.0
"pasta, burger, pizza",20,0,0,18,35.3
"fried rice, tandoori chicken",23,0,0,3,21.1
veg biryani,12,0,0,16,25.7
"fried rice, naan, pizza",8,0,0,9,34.0
tandoori chicken,13,1,0,7,25.7
"pizza, fried rice",18,0,0,13,29.6
tandoori chicken,13,1,0,18,28.8
pizza,18,0,1,10,29.8
"veg biryani, burger, fried rice",6,1,0,9,32.3
"paneer butter masala, fried rice",13,1,0,1,24.6
"veg biryani, pizza",21,0,0,12,32.7
"burger, naan",5,0,0,11,28.7
"fried rice, paneer butter masala, masala dosa",2,1,0,11,33.0
"masala dosa, pasta",17,1,0,17,30.0
masala dosa,5,0,1,10,27.0
"fried rice, veg biryani",21,0,0,16,32.8
"masala dosa, paneer butter masala, fried rice",9,0,0,17,33.7
chicken biryani,0,0,0,5,20.3
"masala dosa, paneer butter masala, naan",21,0,0,7,34.6
"chicken biryani, masala dosa",21,0,0,15,33.4
"naan, burger",7,0,0,12,24.7
"tandoori chicken, burger, pasta",2,0,0,19,33.8
paneer butter masala,23,0,0,19,25.7
"tandoori chicken, pasta",15,0,0,16,30.0
"paneer butter masala, pizza, naan",16,0,1,7,35.9
naan,10,0,0,9,19.6
"fried rice, chicken biryani",18,0,0,16,29.8
masala dosa,15,1,0,18,26.8
"fried rice, burger, pizza",6,0,0,9,29.3
"fried rice, chicken biryani",21,0,0,6,28.6
veg biryani,14,0,0,14,22.3
fried rice,5,0,0,19,26.8
"tandoori chicken, masala dosa, burger",12,0,0,1,29.0
"veg biryani, chicken biryani, tandoori chicken",17,0,1,16,40.2
burger,22,0,0,13,22.5
pizza,21,0,0,18,30.2
tandoori chicken,4,0,0,12,23.1
pizza,8,0,0,11,19.6
pizza,0,0,1,13,30.3
"masala dosa, chicken biryani, paneer butter masala",1,0,0,19,35.9
"pizza, veg biryani, chicken biryani",7,0,0,12,33.9
chicken biryani,10,0,0,1,16.4
"veg biryani, burger, fried rice",3,1,0,3,30.5
"naan, chicken biryani, pizza",5,0,0,16,35.1
"burger, masala dosa, chicken biryani",2,0,0,16,36.1
pizza,19,0,1,8,28.7
"pizza, naan",13,0,0,13,29.2
paneer butter masala,2,0,0,1,13.3
"burger, masala dosa",6,0,0,19,30.6
"tandoori chicken, fried rice",22,1,0,7,27.2
"pasta, chicken biryani",1,0,0,13,29.4
"burger, pizza, naan",2,0,0,8,28.5
tandoori chicken,15,0,0,17,28.4
naan,2,0,0,18,25.7
"chicken biryani, burger, pasta",5,0,0,11,30.2
"veg biryani, pizza",16,0,1,3,26.7
"naan, pizza, chicken biryani",11,0,0,1,28.3
"naan, tandoori chicken",0,0,0,11,22.1
paneer butter masala,6,0,0,16,24.6
"pasta, fried rice, veg biryani",3,0,0,10,28.9
"pasta, paneer butter masala",2,0,0,2,19.4
"pizza, naan",15,0,0,6,21.5
burger,20,0,0,18,29.4
veg biryani,12,0,0,9,21.3
"burger, chicken biryani, paneer butter masala",16,1,0,4,33.0
"fried rice, masala dosa",13,0,0,5,32.1
naan,21,0,0,13,23.5
"naan, burger, tandoori chicken",10,0,0,9,30.2
"fried rice, pasta, burger",16,0,0,10,29.5
"pasta, naan, tandoori chicken",6,1,0,12,35.4
"pasta, paneer butter masala, veg biryani",22,0,0,7,28.0
"naan, pasta, paneer butter masala",2,1,0,14,36.7
"paneer butter masala, chicken biryani",17,0,0,12,25.4
"tandoori chicken, chicken biryani, pizza",3,0,0,13,35.4
"chicken biryani, burger",4,0,0,3,19.4
paneer butter masala,18,0,0,5,16.5
"veg biryani, masala dosa, pasta",0,0,0,16,30.2
"chicken biryani, masala dosa",21,1,0,15,36.3
"chicken biryani, fried rice, pasta",19,1,0,6,31.5
"paneer butter masala, pizza, veg biryani",17,0,0,17,33.5
"chicken biryani, masala dosa, pasta",14,0,0,16,31.5
"burger, masala dosa, tandoori chicken",19,1,0,13,33.4
paneer butter masala,6,0,1,17,31.3
"paneer butter masala, masala dosa",7,0,0,19,28.7
"fried rice, masala dosa, veg biryani",10,0,0,19,34.2
"paneer butter masala, tandoori chicken, pizza",5,1,0,7,33.0
"burger, chicken biryani, tandoori chicken",3,1,0,7,32.7
"masala dosa, burger",2,0,0,8,21.7
"veg biryani, burger",6,1,0,8,28.6
"masala dosa, pasta, naan",5,1,1,16,42.3
masala dosa,17,0,0,1,17.6
naan,14,0,0,9,19.0
masala dosa,17,0,1,3,19.6
veg biryani,16,0,0,14,24.4
"naan, fried rice",14,0,0,18,31.1
"burger, veg biryani",11,0,0,15,27.1
"chicken biryani, burger",0,1,0,15,29.3
"paneer butter masala, masala dosa, pizza",6,0,1,9,36.3
"pizza, masala dosa",19,0,0,14,27.3
"tandoori chicken, pizza",8,0,0,7,23.5
"pizza, burger, paneer butter masala",3,0,0,8,31.1
"masala dosa, veg biryani",22,0,0,5,24.5
pasta,19,0,0,3,19.9
"fried rice, veg biryani, masala dosa",4,1,0,17,35.7
"tandoori chicken, pizza",2,0,1,7,29.1
"masala dosa, chicken biryani",22,0,0,7,22.6
paneer butter masala,16,0,0,5,18.9
"chicken biryani, paneer butter masala, tandoori chicken",4,0,0,2,27.0
burger,23,0,0,14,23.4
"tandoori chicken, pizza",6,1,0,1,21.4
"pizza, tandoori chicken, paneer butter masala",1,0,0,1,27.7
"masala dosa, pasta, pizza",6,0,0,4,28.5
"pizza, fried rice",23,0,0,18,27.4
tandoori chicken,0,0,0,11,20.7
"paneer butter masala, pasta",16,1,0,19,36.6
"tandoori chicken, veg biryani",7,0,0,4,22.0
"tandoori chicken, burger",15,1,0,1,24.1
"naan, pizza",15,1,0,18,32.6
"paneer butter masala, pasta",10,0,0,12,24.9
"chicken biryani, fried rice",5,1,0,6,28.0
pizza,19,0,0,17,22.5
"veg biryani, pasta",15,0,0,7,24.0
"pizza, naan, fried rice",6,0,0,11,27.8
"masala dosa, naan",4,1,0,9,30.0
naan,8,0,0,17,23.8
"pasta, paneer butter masala",16,0,0,15,26.7
"veg biryani, tandoori chicken",14,0,0,12,26.6
"pizza, tandoori chicken, naan",4,0,0,1,25.9
masala dosa,23,0,1,16,32.6
"fried rice, naan, veg biryani",8,0,0,8,28.4
pizza,9,1,0,17,26.0
"veg biryani, chicken biryani",0,1,0,12,29.2
"burger, masala dosa, fried rice",13,1,1,14,52.0
chicken biryani,18,0,0,19,22.6
"veg biryani, paneer butter masala, pasta",15,0,0,9,30.7
pasta,18,0,0,6,16.7
veg biryani,12,0,1,13,34.8
"burger, tandoori chicken, paneer butter masala",19,1,1,1,36.6
"pizza, chicken biryani, naan",10,0,0,1,25.2
burger,4,0,0,16,21.7
"pasta, tandoori chicken",13,0,0,2,28.3
"masala dosa, pasta",19,0,0,7,24.1
"burger, pizza, masala dosa",15,1,0,1,30.2
"tandoori chicken, chicken biryani, pizza",14,0,0,6,26.1
"masala dosa, burger, paneer butter masala",18,0,0,17,32.7
veg biryani,13,0,1,15,36.5
"naan, tandoori chicken",15,0,0,15,24.8
"paneer butter masala, burger",11,0,0,14,22.6
pasta,5,0,0,13,16.9
paneer butter masala,6,0,0,1,16.4
"masala dosa, veg biryani",12,0,0,9,30.9
"pizza, tandoori chicken, veg biryani",4,0,0,1,25.5
"chicken biryani, veg biryani",7,0,0,17,28.1
"pasta, fried rice",13,0,0,8,27.1
masala dosa,1,0,0,10,21.6
"pizza, pasta",22,0,0,16,29.6
pizza,16,0,0,4,13.8
"pasta, veg biryani",3,1,0,15,30.0
"naan, paneer butter masala, pasta",5,0,0,14,28.7
burger,13,1,0,3,25.9
"pizza, pasta",11,0,0,17,28.0
"burger, fried rice, pizza",3,0,0,17,32.7
"paneer butter masala, tandoori chicken, burger",2,0,1,7,37.5
"masala dosa, veg biryani",13,0,0,1,25.3
"paneer butter masala, chicken biryani, masala dosa",7,0,0,7,27.4
"burger, veg biryani, pizza",20,0,0,16,35.7
pasta,12,0,0,1,21.8
"pizza, tandoori chicken, fried rice",14,0,0,3,26.3
tandoori chicken,23,0,0,12,22.1
"burger, chicken biryani",7,0,0,2,21.3
"paneer butter masala, tandoori chicken, naan",1,0,0,10,34.2
pizza,9,1,0,17,26.9
"fried rice, naan, masala dosa",0,0,0,3,28.9
"fried rice, pizza",7,0,0,4,18.6
"paneer butter masala, masala dosa",9,1,0,13,28.0
"burger, pasta",5,1,0,12,29.7
naan,14,0,0,16,25.2
"veg biryani, burger, naan",1,0,0,11,30.0
"paneer butter masala, burger",9,0,0,3,20.1
"burger, naan",19,0,0,5,22.8
fried rice,4,0,0,6,14.3
tandoori chicken,10,1,0,3,17.3
"veg biryani, paneer butter masala",17,0,0,14,25.2
"chicken biryani, naan, tandoori chicken",21,0,0,17,37.8
"chicken biryani, pasta",19,0,0,4,20.6
pasta,9,0,0,4,15.0
"tandoori chicken, burger",18,0,0,6,23.4
"masala dosa, burger",11,0,0,12,32.3
"paneer butter masala, burger, pasta",14,0,0,10,27.8
"pasta, burger",8,1,0,4,24.7
masala dosa,0,0,0,12,19.3
"fried rice, paneer butter masala, pasta",10,0,1,7,37.5
chicken biryani,19,1,0,12,22.1
burger,8,1,0,6,24.3
naan,7,0,0,8,19.7
burger,14,0,0,7,13.1
masala dosa,13,0,0,12,24.7
"tandoori chicken, chicken biryani",21,0,0,14,31.2
"veg biryani, tandoori chicken",10,1,0,2,26.2
"masala dosa, burger, veg biryani",3,0,0,7,30.9
"pizza, paneer butter masala",2,0,0,2,20.6
"fried rice, naan, pasta",1,0,0,18,31.5
"pasta, pizza",18,0,0,10,22.8
"chicken biryani, fried rice",5,0,1,2,31.2
"tandoori chicken, paneer butter masala",19,0,0,5,24.1
masala dosa,0,0,0,16,24.0
"naan, pizza",5,0,0,16,27.6
tandoori chicken,20,0,0,13,24.4
"pasta, naan",22,0,0,12,24.6
paneer butter masala,18,1,0,18,29.7
"pizza, veg biryani",19,0,0,12,22.7
"chicken biryani, pizza",15,0,0,9,26.4
"burger, chicken biryani",23,0,0,13,26.0
"naan, fried rice",20,0,0,15,34.0
pizza,6,0,0,6,20.3
"burger, veg biryani, masala dosa",15,0,0,5,27.5
veg biryani,12,0,0,7,23.8
"naan, pasta",15,0,0,16,28.8
pizza,23,0,0,5,18.4
"burger, tandoori chicken",10,0,0,9,26.2
chicken biryani,23,0,0,5,17.7
"pasta, pizza, paneer butter masala",16,1,0,7,31.8
"paneer butter masala, pizza",21,0,1,4,34.8
"masala dosa, fried rice",9,0,0,9,25.7
"masala dosa, pasta",3,0,0,19,28.3
"burger, fried rice",13,0,0,4,25.0
"chicken biryani, naan",4,0,0,9,21.1
pasta,20,1,0,3,28.6
"chicken biryani, pasta, masala dosa",7,0,0,9,30.6
paneer butter masala,11,0,0,10,18.2
burger,12,0,0,3,18.7
burger,14,0,0,17,25.7
"tandoori chicken, chicken biryani, pizza",4,0,0,4,25.8
"tandoori chicken, chicken biryani",10,0,0,8,23.4
fried rice,6,0,1,19,31.7
"veg biryani, pizza, pasta",0,0,0,17,34.7
"pizza, masala dosa, veg biryani",13,0,0,4,35.3
"veg biryani, pizza",17,1,0,4,26.6
fried rice,21,1,1,17,40.7
"chicken biryani, naan",10,0,0,4,21.5
burger,5,1,0,15,26.1
"pizza, veg biryani, pasta",2,1,0,15,38.0
paneer butter masala,17,0,0,14,22.0
burger,12,0,0,19,26.4
"burger, fried rice, naan",15,0,0,2,25.7
veg biryani,4,1,0,10,22.2
"burger, tandoori chicken",12,0,0,19,34.2
pasta,22,0,0,17,21.8
tandoori chicken,20,0,0,5,21.3
tandoori chicken,17,0,0,8,18.2
"fried rice, pizza",6,0,0,14,26.9
fried rice,0,0,0,11,17.1
"naan, burger, paneer butter masala",23,0,0,1,30.8
"burger, pasta, fried rice",11,0,0,16,33.0
"masala dosa, chicken biryani",14,0,0,5,23.6
"veg biryani, masala dosa",8,0,0,6,24.4
"burger, chicken biryani",17,1,0,8,30.3
"veg biryani, fried rice, pasta",2,0,0,6,31.6
"pasta, masala dosa",4,0,0,17,28.0
paneer butter masala,10,1,0,2,19.4
chicken biryani,12,0,0,9,25.4
"pasta, burger, chicken biryani",4,0,0,4,25.4
"tandoori chicken, chicken biryani, fried rice",4,1,1,7,39.9
"veg biryani, burger, naan",2,0,0,13,31.3
"masala dosa, paneer butter masala",14,0,0,10,24.7
fried rice,2,1,0,17,27.1
"veg biryani, tandoori chicken",21,0,0,9,30.2
"tandoori chicken, burger",11,0,0,3,17.8
"tandoori chicken, pasta",9,1,0,17,33.3
pizza,19,0,0,7,12.7
"tandoori chicken, paneer butter masala",14,1,0,18,33.2
"pizza, fried rice, paneer butter masala",9,0,0,18,34.5
pizza,22,0,0,18,26.1
"pizza, naan",12,0,0,9,28.7
"paneer butter masala, chicken biryani, fried rice",9,1,1,5,38.6
"fried rice, paneer butter masala, pizza",7,0,0,7,28.4
"pizza, paneer butter masala",13,0,0,16,34.0
paneer butter masala,19,0,0,4,16.5
"pizza, chicken biryani",4,0,0,10,25.5
"masala dosa, chicken biryani",2,0,0,6,23.2
paneer butter masala,12,0,0,12,29.2
"fried rice, burger",18,1,0,9,29.0
"paneer butter masala, burger, veg biryani",11,0,0,6,31.1
tandoori chicken,4,0,1,19,32.5
"burger, masala dosa, pizza",22,0,0,18,33.1
"fried rice, tandoori chicken",19,0,1,10,29.0
"pizza, tandoori chicken",5,0,0,10,24.8
"paneer butter masala, burger, tandoori chicken",15,0,0,6,29.6
"pasta, paneer butter masala, chicken biryani",6,0,0,6,29.9
pasta,16,1,1,3,22.9
chicken biryani,8,0,0,12,20.0
tandoori chicken,13,0,0,14,26.2
paneer butter masala,0,0,0,3,18.5
pizza,9,0,1,13,25.1
"fried rice, pizza",10,0,0,15,25.7
"pizza, masala dosa",16,0,0,12,27.9
"veg biryani, pasta",15,1,0,13,31.7
"paneer butter masala, naan",20,0,1,1,29.9
masala dosa,20,0,0,5,18.6
"naan, fried rice, pasta",14,0,0,10,30.6
pizza,6,0,0,7,23.1
"naan, burger, fried rice",15,0,1,2,32.5
"chicken biryani, masala dosa, burger",1,0,1,11,34.2
"pasta, tandoori chicken",16,0,0,14,28.3
"naan, fried rice",10,0,0,17,29.7
"burger, veg biryani",23,1,0,1,26.9
"fried rice, pizza, paneer butter masala",15,0,0,5,22.5
"burger, fried rice, paneer butter masala",4,0,0,10,29.1
"pasta, burger",13,1,0,16,32.8
burger,13,0,0,2,16.3
"pasta, naan",12,0,0,7,32.6
"tandoori chicken, chicken biryani",5,1,0,13,28.7
veg biryani,11,0,1,2,21.8
"chicken biryani, burger",17,1,0,16,31.6
"pasta, pizza, veg biryani",7,0,0,19,33.4
"pizza, masala dosa, fried rice",23,0,0,11,32.0
"burger, paneer butter masala",11,1,1,4,33.0
tandoori chicken,20,1,0,1,29.4
pasta,20,0,0,11,27.7
"pasta, masala dosa",12,0,0,19,36.9
"veg biryani, paneer butter masala, naan",9,1,0,6,31.7
veg biryani,20,1,0,12,30.3
masala dosa,2,0,1,3,23.2
"pasta, fried rice",12,0,0,13,29.4
"fried rice, burger",6,0,0,15,29.7
"masala dosa, tandoori chicken, paneer butter masala",6,0,0,5,28.4
pizza,10,1,1,11,29.1
"veg biryani, fried rice",15,0,0,6,28.6
chicken biryani,14,0,1,8,26.1
"pizza, paneer butter masala",11,0,0,6,24.1
tandoori chicken,4,0,0,18,25.4
pasta,23,0,0,15,24.7
"pizza, tandoori chicken, veg biryani",17,0,0,13,33.1
"fried rice, paneer butter masala",16,0,0,9,24.7
"veg biryani, tandoori chicken",22,1,0,9,26.3
"fried rice, pasta, naan",23,0,1,13,40.9
"chicken biryani, pizza",10,0,0,7,27.2
veg biryani,19,0,0,14,24.1
"paneer butter masala, fried rice",23,0,0,10,23.4
"pizza, tandoori chicken, paneer butter masala",2,0,0,3,23.2
"masala dosa, paneer butter masala, burger",19,0,0,18,35.9
"paneer butter masala, chicken biryani",7,1,0,5,26.8
naan,20,0,0,1,20.5
"naan, veg biryani, tandoori chicken",1,0,1,9,37.5
"paneer butter masala, fried rice",8,0,0,12,24.4
"fried rice, masala dosa, tandoori chicken",11,0,0,10,30.0
"chicken biryani, burger, masala dosa",1,1,0,17,39.7
"tandoori chicken, naan",13,0,0,15,34.2
pasta,5,0,0,11,23.9
"burger, masala dosa, naan",7,1,0,11,31.4
veg biryani,7,0,0,7,16.4
naan,12,1,0,1,24.1
"burger, pasta",9,1,0,4,23.5
paneer butter masala,10,0,0,13,19.6
"masala dosa, burger",21,0,0,16,31.8
paneer butter masala,21,0,0,19,30.2
chicken biryani,11,0,0,4,15.2
"pizza, burger",11,0,0,18,31.7
"chicken biryani, fried rice",4,0,0,12,23.5
"chicken biryani, fried rice",20,0,0,17,33.8
fried rice,7,1,1,5,29.4
"pizza, pasta, chicken biryani",3,0,0,14,29.8
"naan, chicken biryani",12,0,0,19,36.1
"burger, veg biryani, pizza",23,1,0,4,27.9
pizza,14,0,0,17,27.4
"pasta, burger",0,0,0,11,25.8
chicken biryani,1,0,0,4,16.8
"fried rice, pizza, naan",3,1,0,18,35.1
"pizza, masala dosa",22,0,0,4,23.7
"fried rice, chicken biryani",1,0,0,12,27.6
"pizza, fried rice, chicken biryani",6,0,0,6,28.3
chicken biryani,1,0,0,1,18.4
"tandoori chicken, naan, veg biryani",13,0,1,9,41.5
naan,3,0,0,3,15.9
"chicken biryani, veg biryani, paneer butter masala",7,1,0,9,31.5
"fried rice, naan, chicken biryani",10,0,1,14,42.7
"naan, burger, pizza",14,1,0,9,32.8
"tandoori chicken, fried rice, chicken biryani",18,0,0,12,31.4
pizza,3,1,0,14,23.0
"burger, masala dosa, paneer butter masala",10,0,0,10,28.5
"pasta, tandoori chicken",13,0,0,7,29.6
veg biryani,16,0,0,3,16.5
"fried rice, burger, pasta",10,1,0,11,33.8
"pizza, paneer butter masala, chicken biryani",17,0,0,12,34.5
"tandoori chicken, pasta",14,0,0,4,19.0
veg biryani,15,0,0,18,21.9
"masala dosa, pizza",9,0,0,15,26.5
fried rice,17,1,0,19,30.4
naan,14,0,0,8,18.0
"masala dosa, fried rice, paneer butter masala",4,0,0,19,34.0
"burger, fried rice, masala dosa",17,0,0,19,34.5
chicken biryani,23,1,0,16,26.7
"tandoori chicken, pizza, burger",17,0,0,5,30.0
"fried rice, veg biryani, pasta",21,0,0,15,38.3
"chicken biryani, fried rice, pizza",20,0,0,18,40.7
chicken biryani,14,0,1,13,28.5
"masala dosa, pasta",20,0,0,17,33.9
"fried rice, pizza, paneer butter masala",9,1,1,10,41.3
"paneer butter masala, pasta",15,0,0,6,26.2
tandoori chicken,11,1,0,7,21.9
"paneer butter masala, fried rice, pasta",7,1,0,8,33.2
burger,6,0,0,9,18.4
tandoori chicken,17,0,0,13,19.7
burger,3,1,1,3,24.8
burger,1,1,0,16,26.1
"naan, pasta",13,0,0,18,31.5
"pizza, tandoori chicken",21,0,0,18,35.5
"chicken biryani, paneer butter masala, burger",5,0,0,5,30.4
chicken biryani,23,0,0,3,15.1
veg biryani,3,0,0,10,19.6
"pizza, fried rice, paneer butter masala",16,0,0,19,35.8
"burger, naan, tandoori chicken",13,0,0,6,32.5
"veg biryani, tandoori chicken",3,1,0,16,33.1
fried rice,2,0,0,18,26.6
"paneer butter masala, naan, burger",11,1,0,10,31.7
chicken biryani,2,0,0,12,22.9
"tandoori chicken, masala dosa, burger",14,1,0,3,29.4
burger,10,1,0,14,25.8
"pasta, paneer butter masala",2,0,1,3,29.2
"pasta, fried rice, pizza",20,0,0,1,29.1
"chicken biryani, pasta, fried rice",1,1,0,11,30.4
"paneer butter masala, veg biryani",17,0,0,9,21.1
"pizza, naan, burger",21,1,1,6,45.1
"pizza, chicken biryani, fried rice",2,0,0,6,30.0
"pasta, fried rice",19,0,0,19,28.4
"paneer butter masala, naan, pizza",13,0,0,19,42.0
"chicken biryani, pizza, paneer butter masala",5,0,0,15,33.9
"naan, tandoori chicken, chicken biryani",2,0,0,5,30.7
paneer butter masala,9,0,0,16,22.4
"veg biryani, fried rice, pizza",5,0,0,13,31.7
"fried rice, chicken biryani",0,0,0,8,24.4
masala dosa,10,0,0,13,20.3
"masala dosa, chicken biryani",18,0,0,10,25.6
"pizza, chicken biryani",17,1,0,7,25.4
pizza,6,0,0,18,23.8
"tandoori chicken, burger",19,0,0,15,30.2
pasta,12,1,0,17,31.6
"burger, paneer butter masala, pasta",19,0,0,19,33.3
"pasta, pizza, burger",3,1,0,1,30.7
paneer butter masala,5,1,0,1,18.8
"tandoori chicken, fried rice",5,1,1,5,33.0
"naan, veg biryani",4,0,0,10,23.2
"pasta, veg biryani, fried rice",0,0,0,16,32.0
burger,0,0,0,16,18.9
"veg biryani, naan",0,0,1,4,30.5
"naan, chicken biryani",20,0,0,6,31.2
pizza,20,0,0,6,22.5
"fried rice, veg biryani",12,0,0,1,25.7
"naan, pasta, pizza",0,1,0,13,34.6
burger,10,1,0,7,24.1
"fried rice, naan, pizza",14,0,1,10,35.3
"pasta, pizza",1,0,0,4,23.4
"paneer butter masala, chicken biryani, pizza",8,0,0,9,29.1
chicken biryani,21,0,1,10,29.1
veg biryani,14,0,0,11,20.8
masala dosa,4,1,0,4,18.8
"pasta, fried rice",7,0,0,5,23.2
"masala dosa, pizza",1,0,0,12,27.4
pasta,20,0,0,11,25.2
pasta,7,0,1,8,26.6
"masala dosa, veg biryani",18,0,0,10,25.8
"pasta, masala dosa, chicken biryani",17,0,1,12,36.7
masala dosa,8,0,0,7,18.6
"pasta, veg biryani, naan",5,0,0,15,32.8
fried rice,13,0,0,18,28.7
chicken biryani,19,0,0,14,19.2
"veg biryani, burger, paneer butter masala",16,0,0,18,33.5
"pizza, paneer butter masala",15,0,0,17,28.6
"veg biryani, chicken biryani",15,0,0,4,24.5
"pizza, tandoori chicken",1,0,0,15,24.8
"fried rice, tandoori chicken",19,0,1,12,33.9
veg biryani,14,0,0,6,16.5
"masala dosa, pizza, naan",4,0,0,6,27.2
"veg biryani, paneer butter masala, fried rice",15,0,1,11,35.6
"veg biryani, naan, paneer butter masala",16,1,0,11,34.2
"fried rice, veg biryani, naan",1,0,0,2,22.6
"fried rice, pizza",17,0,1,18,36.3
paneer butter masala,22,0,0,8,16.9
"pizza, naan, masala dosa",15,0,0,5,27.5
"veg biryani, burger",10,0,0,8,21.2
pasta,2,0,0,8,16.1
pizza,20,0,0,14,26.6
"naan, pizza, chicken biryani",13,0,0,5,31.3
"pizza, burger",5,0,0,10,23.0
pizza,22,0,0,7,14.8
"paneer butter masala, naan",9,0,0,9,25.7
pasta,21,0,0,14,29.8
"paneer butter masala, fried rice",18,0,0,15,29.7
"naan, pasta",15,0,0,15,23.1
"veg biryani, masala dosa, pasta",8,1,0,19,37.1
"chicken biryani, fried rice",19,1,0,2,24.4
pizza,12,0,0,8,26.4
burger,16,0,0,12,23.5
burger,4,0,0,1,14.7
"masala dosa, pizza, pasta",5,1,0,1,29.4
"pizza, burger",23,0,0,8,22.3
"pizza, tandoori chicken, veg biryani",13,0,0,18,39.1
burger,13,1,0,18,31.3
"burger, masala dosa",8,0,0,14,28.7
"tandoori chicken, veg biryani, burger",14,0,0,7,31.6
veg biryani,9,0,0,8,18.8
"paneer butter masala, pizza, veg biryani",14,0,0,17,33.4
paneer butter masala,3,0,0,1,17.5
"veg biryani, chicken biryani, burger",17,1,0,5,30.7
fried rice,7,0,0,15,21.8
"fried rice, pizza, paneer butter masala",1,0,0,17,35.8
"naan, chicken biryani, pizza",1,1,0,11,31.2
pizza,12,0,0,14,25.6
"pasta, fried rice",5,0,0,12,27.0
"masala dosa, chicken biryani",14,0,0,6,22.4
"tandoori chicken, fried rice, masala dosa",16,0,0,11,33.0
paneer butter masala,6,0,0,7,17.4
"tandoori chicken, pasta",5,0,1,16,35.0
"burger, veg biryani",18,0,1,2,28.3
"masala dosa, tandoori chicken, pasta",21,0,0,17,39.3
"naan, paneer butter masala",2,0,0,18,25.3
"masala dosa, pizza",9,0,0,10,27.1
chicken biryani,19,0,0,8,22.2
"masala dosa, chicken biryani, naan",16,0,0,13,33.4
veg biryani,3,1,1,11,32.6
"pasta, chicken biryani",3,1,0,3,27.2
"chicken biryani, masala dosa",2,1,0,18,35.8
"pizza, tandoori chicken",21,0,0,17,31.6
burger,6,1,0,16,27.6
chicken biryani,13,0,0,18,28.8
veg biryani,11,1,0,19,26.6
"burger, chicken biryani, masala dosa",21,0,0,4,32.0
"pasta, chicken biryani",5,0,0,12,25.5
"burger, naan",21,0,0,7,28.1
veg biryani,5,0,0,12,19.6
"masala dosa, chicken biryani, fried rice",5,0,0,5,27.4
"paneer butter masala, burger, pasta",14,1,0,11,33.4
"pizza, naan",21,0,0,5,24.2
"paneer butter masala, tandoori chicken",19,0,1,16,37.1
"fried rice, pasta",22,0,0,14,29.0
"pizza, paneer butter masala, veg biryani",15,0,0,11,28.3
fried rice,23,0,0,18,27.9
"masala dosa, naan, pizza",1,1,0,14,33.7
fried rice,16,0,0,2,16.3
fried rice,5,1,0,17,26.5
"fried rice, pasta",10,0,0,17,29.8
pasta,2,0,0,10,22.8
pizza,23,0,0,4,16.5
"pizza, burger",4,0,0,12,26.5
"naan, paneer butter masala, tandoori chicken",2,0,0,19,32.5
"masala dosa, paneer butter masala, pasta",23,1,0,16,35.7
paneer butter masala,18,0,0,12,22.0
"masala dosa, tandoori chicken, burger",19,0,0,1,23.4
"chicken biryani, fried rice",14,1,0,7,22.3
"fried rice, pizza, burger",6,0,0,7,28.4
burger,20,0,0,4,20.3
burger,9,0,1,19,30.8
tandoori chicken,13,0,0,7,23.8
"tandoori chicken, naan, paneer butter masala",0,0,0,13,29.9
pasta,23,0,0,4,18.3
"pasta, masala dosa",23,0,0,16,29.3
"chicken biryani, burger",8,0,0,7,24.0
"paneer butter masala, naan, tandoori chicken",0,0,0,2,25.2
"tandoori chicken, burger",18,0,0,7,22.9
chicken biryani,4,1,0,11,28.1
"pizza, naan, paneer butter masala",8,0,0,5,25.8
"veg biryani, fried rice, tandoori chicken",10,0,0,9,29.7
"fried rice, naan, tandoori chicken",4,0,0,11,28.8
"veg biryani, fried rice",8,0,0,1,18.7
paneer butter masala,19,0,0,5,20.3
"pizza, paneer butter masala",14,1,0,2,21.7
paneer butter masala,20,0,0,13,27.0
"veg biryani, fried rice",19,0,0,7,24.4
paneer butter masala,5,0,0,3,17.0
"pizza, masala dosa, chicken biryani",23,1,1,15,42.5
"pasta, veg biryani, naan",9,0,0,13,33.7
naan,18,0,0,14,20.2
"fried rice, paneer butter masala",7,1,0,16,28.0
pizza,14,1,0,12,24.3
"burger, chicken biryani, veg biryani",9,0,0,11,32.0
"burger, masala dosa, veg biryani",23,0,0,10,30.2
"naan, pizza, chicken biryani",9,1,0,13,32.3
paneer butter masala,3,0,0,18,22.3
veg biryani,0,0,0,19,25.8
"masala dosa, burger, naan",12,0,0,6,38.9
"chicken biryani, fried rice",5,1,0,12,26.9
"burger, pasta",15,0,0,18,27.5
naan,1,0,0,18,27.3
"paneer butter masala, pizza, burger",14,1,0,9,32.9
"veg biryani, tandoori chicken, paneer butter masala",4,0,0,6,29.7
naan,14,0,0,6,17.4
veg biryani,12,0,0,10,26.0
"pizza, veg biryani",15,0,0,18,27.1
pasta,6,0,0,7,17.4
"veg biryani, naan, chicken biryani",6,0,0,11,26.5
"pizza, veg biryani",16,1,0,4,26.7
chicken biryani,14,0,0,18,22.7
"pasta, tandoori chicken, masala dosa",1,0,0,11,32.3
"burger, tandoori chicken, pasta",9,0,0,13,32.5
"fried rice, paneer butter masala, naan",3,1,0,6,35.8
"masala dosa, veg biryani, fried rice",0,0,0,19,34.5
"chicken biryani, masala dosa",3,0,0,10,24.2
"paneer butter masala, masala dosa",22,0,0,10,23.7
"pasta, tandoori chicken",8,0,0,10,26.3
paneer butter masala,18,0,0,10,21.2
"masala dosa, naan, pizza",19,0,0,9,26.1
"fried rice, pasta",19,0,0,1,20.7
"chicken biryani, paneer butter masala, veg biryani",18,0,1,4,35.5
tandoori chicken,22,0,0,18,24.6
paneer butter masala,5,0,0,15,23.0
chicken biryani,5,0,0,1,18.3
"naan, pasta, chicken biryani",15,0,0,2,26.7
"naan, tandoori chicken",16,1,0,18,31.9
"fried rice, veg biryani",17,0,0,13,26.1
"veg biryani, fried rice",0,1,0,2,24.8
naan,9,0,0,7,17.4
"veg biryani, fried rice",13,0,1,9,33.3
"masala dosa, veg biryani, fried rice",11,0,0,7,27.1
"tandoori chicken, burger",8,0,1,9,30.1
"burger, masala dosa, chicken biryani",13,0,0,5,32.4
pizza,2,0,0,14,26.8
pasta,23,0,0,4,17.9
"veg biryani, chicken biryani",17,0,0,16,27.1
"pizza, naan",11,0,0,10,25.8
burger,0,0,0,7,22.8
masala dosa,5,0,0,9,21.8
pasta,22,1,0,1,21.0
"naan, pizza, paneer butter masala",19,0,0,1,25.9
"naan, paneer butter masala, burger",19,0,0,16,32.3
masala dosa,7,0,0,10,19.3
tandoori chicken,13,0,0,17,27.5
veg biryani,16,0,0,5,20.7
"burger, pasta, masala dosa",12,0,0,11,35.3
"pasta, veg biryani, pizza",5,0,0,3,29.4
"chicken biryani, paneer butter masala, pasta",22,0,0,10,28.3
naan,2,0,0,16,24.5
"tandoori chicken, fried rice",5,0,0,16,27.3
"burger, fried rice, veg biryani",2,0,1,5,36.6
"masala dosa, pasta",21,0,0,11,27.8
"naan, chicken biryani, paneer butter masala",11,0,0,15,28.1
"veg biryani, fried rice, naan",8,1,1,19,41.7
tandoori chicken,0,1,0,19,29.1
veg biryani,21,1,0,4,23.3
"tandoori chicken, veg biryani",9,0,0,13,23.4
"veg biryani, paneer butter masala, pizza",23,0,0,2,25.6
"veg biryani, naan",13,0,0,8,31.2
"naan, tandoori chicken, veg biryani",1,0,0,1,24.2
masala dosa,15,0,1,11,25.4
"pasta, fried rice",15,1,0,17,31.6
"tandoori chicken, paneer butter masala, masala dosa",2,0,1,18,38.6
pasta,7,1,0,17,23.6
"masala dosa, pizza, paneer butter masala",13,0,0,3,30.7
"chicken biryani, tandoori chicken, paneer butter masala",1,0,0,17,35.2
masala dosa,13,0,1,12,31.7
fried rice,22,1,0,3,17.0
"masala dosa, pasta, chicken biryani",4,0,0,12,34.0
"burger, masala dosa, paneer butter masala",3,0,0,12,30.6
"tandoori chicken, pasta, fried rice",20,1,0,11,38.9
"pizza, burger",13,0,0,12,33.0
veg biryani,20,1,0,7,24.6
chicken biryani,2,0,0,19,23.3
tandoori chicken,2,0,0,13,21.4
paneer butter masala,8,1,0,16,26.2
"burger, veg biryani, naan",11,0,0,13,30.3
"pasta, chicken biryani, burger",3,0,1,16,39.7
"pizza, pasta, naan",10,0,0,12,34.3
"masala dosa, paneer butter masala",8,1,0,17,31.7
naan,13,0,0,12,26.1
"masala dosa, tandoori chicken, chicken biryani",3,0,0,14,30.1
"pizza, burger",22,0,0,14,26.6
"tandoori chicken, naan",19,0,0,11,24.7
"pasta, naan, pizza",5,0,0,19,32.3
"veg biryani, fried rice, naan",17,0,0,8,26.3
"pizza, masala dosa",17,0,0,8,21.7
"veg biryani, burger, pizza",23,0,0,15,35.2
"burger, masala dosa",2,0,0,15,25.4
tandoori chicken,6,0,1,17,29.4
"tandoori chicken, veg biryani",1,0,0,5,23.8
"pasta, burger",0,0,0,15,26.0
naan,5,0,0,7,17.2
"chicken biryani, pizza",10,0,0,16,27.6
naan,12,0,0,6,22.8
burger,1,0,0,19,25.4
pasta,9,0,0,14,24.6
"chicken biryani, fried rice",21,0,0,19,32.0
"paneer butter masala, fried rice, burger",16,0,0,12,32.9
burger,8,1,1,12,32.2
pizza,1,0,0,18,20.9
"chicken biryani, fried rice, burger",6,1,0,17,35.7
paneer butter masala,2,0,0,9,20.1
"fried rice, pasta, masala dosa",11,1,0,18,36.8
"pasta, fried rice, chicken biryani",9,0,0,16,35.0
"burger, masala dosa",10,0,0,16,27.1
"pizza, fried rice",22,0,0,2,21.7
naan,10,0,1,17,30.2
"fried rice, burger, veg biryani",22,0,0,13,31.6
masala dosa,13,0,0,13,28.9
masala dosa,21,0,0,9,27.6
"burger, veg biryani, naan",1,1,0,17,36.3
burger,15,0,0,15,22.1
"fried rice, chicken biryani",12,0,0,8,28.7
masala dosa,13,0,0,7,19.6
"masala dosa, pasta, pizza",21,0,0,3,29.0
"pasta, tandoori chicken, masala dosa",1,0,1,4,33.2
masala dosa,18,0,0,13,21.7
"chicken biryani, veg biryani",9,1,0,1,21.4
"paneer butter masala, pasta, naan",7,0,0,18,33.8
"masala dosa, paneer butter masala",0,0,0,7,23.8
"veg biryani, chicken biryani",13,0,0,11,31.2
paneer butter masala,14,0,0,3,18.4
"naan, pasta, pizza",8,0,0,2,26.3
pizza,1,0,0,13,22.1
tandoori chicken,18,0,0,19,23.9
masala dosa,20,1,0,15,31.6
masala dosa,9,0,0,2,10.2
"pasta, masala dosa, tandoori chicken",2,0,0,6,28.0
"tandoori chicken, pizza, masala dosa",4,0,0,13,30.5
"burger, chicken biryani, pizza",7,1,0,13,36.6
tandoori chicken,3,1,0,12,20.7
veg biryani,10,1,0,4,18.1
"naan, paneer butter masala, tandoori chicken",18,0,1,15,38.9
"burger, tandoori chicken, fried rice",9,0,1,18,40.5
chicken biryani,9,0,0,7,17.8
"tandoori chicken, pizza",15,0,0,6,24.1
pizza,23,1,0,7,19.5
"masala dosa, paneer butter masala",10,1,0,7,26.6
"naan, masala dosa, burger",9,0,0,7,26.0
"tandoori chicken, paneer butter masala",11,0,0,6,22.7
"burger, paneer butter masala, pizza",7,0,0,5,28.1
veg biryani,19,1,1,14,32.3
"pasta, pizza",12,0,0,9,33.9
"pizza, masala dosa, burger",21,0,0,1,33.5
"paneer butter masala, fried rice, masala dosa",7,0,0,9,28.9
masala dosa,17,0,0,14,23.7
"tandoori chicken, masala dosa",12,0,0,14,28.4
"chicken biryani, masala dosa, naan",18,0,0,15,33.0
chicken biryani,6,0,0,1,12.8
chicken biryani,9,0,1,16,33.3
"fried rice, burger",15,1,0,11,29.6
tandoori chicken,4,0,0,5,15.4
veg biryani,3,0,0,14,23.9
"veg biryani, fried rice, naan",13,0,0,7,33.2
"pizza, burger",1,0,0,17,27.4
"paneer butter masala, chicken biryani, naan",9,0,0,6,27.4
"fried rice, veg biryani, burger",5,0,0,1,28.1
burger,8,1,1,17,33.7
tandoori chicken,20,1,0,5,25.6
"fried rice, paneer butter masala",3,0,0,10,26.1
pizza,11,1,0,11,26.3
"pasta, veg biryani, fried rice",15,0,0,4,24.3
"fried rice, pizza, veg biryani",18,0,0,18,33.0
"pasta, pizza, chicken biryani",21,0,0,14,38.7
"burger, paneer butter masala, fried rice",21,0,0,11,34.3
masala dosa,7,1,0,2,18.6
"chicken biryani, burger, pizza",23,0,1,12,34.9
"burger, chicken biryani, tandoori chicken",3,0,0,10,35.7
"tandoori chicken, pasta",12,0,0,12,28.2
"chicken biryani, tandoori chicken, naan",3,1,1,14,42.7
pasta,5,1,0,4,21.7
"burger, veg biryani, fried rice",13,0,1,4,36.5
"pizza, naan, paneer butter masala",22,1,0,17,33.0
"tandoori chicken, masala dosa, naan",6,0,0,11,30.7
"pizza, burger",9,0,0,14,27.0
"masala dosa, naan",2,0,0,4,20.8
"burger, chicken biryani",11,0,0,1,18.2
"masala dosa, paneer butter masala",19,0,0,9,27.7
burger,18,0,0,16,23.4
"burger, pizza",23,0,0,13,30.4
veg biryani,7,0,0,3,13.9
"burger, veg biryani, pizza",6,0,0,8,27.5
"naan, burger",9,0,0,2,18.8
"chicken biryani, fried rice, burger",4,0,1,1,34.9
pizza,4,0,0,16,23.3
"veg biryani, chicken biryani",17,0,0,19,32.2
"burger, veg biryani",14,0,0,11,26.8
"pasta, veg biryani",6,0,0,4,25.5
"chicken biryani, paneer butter masala, burger",1,0,0,17,33.2
"naan, veg biryani",13,0,0,19,32.8
"tandoori chicken, fried rice, veg biryani",12,0,0,3,29.7
"burger, pasta",13,0,0,19,35.8
"pizza, tandoori chicken, masala dosa",11,0,0,12,33.2
paneer butter masala,11,0,0,3,14.0
"pizza, burger, naan",5,0,0,12,31.1
"veg biryani, paneer butter masala",0,1,0,4,27.4
"chicken biryani, burger",14,0,0,4,25.2
"tandoori chicken, naan, veg biryani",14,1,0,9,31.9
"veg biryani, tandoori chicken, fried rice",14,0,0,11,30.7
fried rice,2,0,0,11,20.3
pizza,1,1,1,3,23.7
pasta,19,0,0,14,21.0
"pizza, burger",6,0,0,12,23.2
"burger, chicken biryani",8,1,0,6,23.0
veg biryani,23,0,0,5,12.5
"burger, paneer butter masala",17,0,0,10,25.6
"masala dosa, pizza, fried rice",22,0,0,18,34.1
paneer butter masala,5,0,0,13,21.4
"chicken biryani, masala dosa, burger",19,0,0,5,25.7
"tandoori chicken, paneer butter masala",5,0,0,7,24.5
paneer butter masala,22,0,0,8,19.3
pasta,23,1,0,6,15.9
chicken biryani,10,0,1,4,25.0
pasta,23,0,0,16,22.3
fried rice,3,1,0,18,25.9
"tandoori chicken, veg biryani",10,0,0,3,23.2
"pasta, veg biryani",16,0,0,10,28.3
"tandoori chicken, chicken biryani, pasta",19,0,0,1,26.4
"burger, pasta",4,0,0,2,20.3
"masala dosa, veg biryani, tandoori chicken",9,0,0,11,30.1
fried rice,10,0,0,7,19.5
pasta,9,1,0,1,17.6
masala dosa,19,0,0,10,16.8
veg biryani,7,1,0,19,27.0
"masala dosa, paneer butter masala, naan",15,0,0,8,25.7
"pizza, pasta",13,0,0,4,27.4
"chicken biryani, veg biryani, naan",15,0,0,14,30.5
"masala dosa, paneer butter masala, veg biryani",15,0,0,12,31.7
"paneer butter masala, pasta",12,0,0,6,27.1
fried rice,0,1,0,1,19.0
pizza,2,0,0,4,20.3
"masala dosa, chicken biryani, paneer butter masala",19,1,0,16,37.2
"pasta, masala dosa, paneer butter masala",7,0,0,9,29.7
"naan, chicken biryani, veg biryani",23,0,0,18,31.9
pizza,20,1,0,12,29.9
"masala dosa, paneer butter masala, burger",16,0,0,18,33.2
"chicken biryani, naan, veg biryani",4,1,0,8,33.9
"paneer butter masala, burger, pasta",8,0,0,1,23.1
fried rice,7,1,0,7,22.4
fried rice,21,0,0,11,23.2
chicken biryani,11,0,0,6,16.9
tandoori chicken,4,0,0,5,17.4
"fried rice, tandoori chicken, masala dosa",12,1,0,8,35.7
"masala dosa, pasta",15,0,0,18,29.5
"pasta, naan, burger",18,0,0,18,34.5
naan,7,0,0,2,16.8
"veg biryani, pasta, tandoori chicken",15,1,0,3,29.3
fried rice,16,0,0,10,19.4
"naan, masala dosa",19,0,0,2,18.6
"naan, pasta",0,0,0,4,20.8
masala dosa,10,0,0,18,25.2
"fried rice, masala dosa",3,0,0,13,28.0
"fried rice, veg biryani",14,0,0,7,25.0
tandoori chicken,4,0,0,6,19.0
"pasta, tandoori chicken, fried rice",10,0,0,2,25.4
fried rice,11,0,0,15,24.9
"fried rice, veg biryani",9,1,0,4,28.1
"pasta, paneer butter masala",13,1,0,8,33.0
"naan, fried rice",22,1,0,3,27.8
"burger, chicken biryani, pasta",21,0,0,11,36.3
"burger, naan",22,0,0,1,23.7
"paneer butter masala, veg biryani, naan",19,0,0,11,31.4
"pasta, pizza",3,1,0,19,34.3
burger,8,0,0,14,20.0
"chicken biryani, pasta, naan",18,0,0,19,37.6
"tandoori chicken, burger",15,0,0,13,27.1
"fried rice, burger, pasta",3,0,0,10,30.5
burger,0,0,1,8,25.9
chicken biryani,17,0,0,2,17.4
"paneer butter masala, masala dosa, pasta",3,0,0,4,26.8
"tandoori chicken, veg biryani",23,1,0,2,24.5
fried rice,1,1,0,8,20.6
"paneer butter masala, tandoori chicken, naan",19,0,0,5,28.1
paneer butter masala,6,1,0,2,18.3
"masala dosa, pasta, fried rice",7,0,0,2,28.6
"chicken biryani, naan",6,1,0,10,27.5
fried rice,13,0,0,18,28.8
"burger, naan, veg biryani",14,0,0,11,30.8
"naan, masala dosa, veg biryani",22,0,0,17,36.4
"naan, chicken biryani",22,1,0,1,23.8
"tandoori chicken, naan, pasta",14,0,1,3,33.6
"naan, pizza, tandoori chicken",14,0,0,8,29.0
"pizza, naan, tandoori chicken",11,0,0,15,32.5
"fried rice, tandoori chicken, paneer butter masala",23,0,1,1,33.9
"burger, masala dosa",10,0,0,1,24.3
naan,6,0,0,6,16.2
"burger, pizza, masala dosa",6,1,0,1,29.9
"fried rice, pizza",7,0,0,7,24.4
"pizza, masala dosa, paneer butter masala",21,0,0,1,26.2
"paneer butter masala, burger, pasta",21,0,0,7,32.2
masala dosa,14,1,0,18,24.4
masala dosa,10,0,0,12,17.5
"pasta, fried rice",17,1,0,4,22.3
"veg biryani, tandoori chicken, pasta",4,1,0,1,27.7
veg biryani,22,0,1,17,25.6
tandoori chicken,20,0,0,11,23.9
"pizza, paneer butter masala, pasta",13,0,0,19,36.9
paneer butter masala,2,1,0,5,22.0
"paneer butter masala, fried rice, pizza",13,0,0,13,38.1
"fried rice, veg biryani, burger",18,0,0,10,30.7
veg biryani,9,0,0,6,15.7
"veg biryani, burger, pizza",20,0,1,9,40.6
paneer butter masala,0,0,0,11,18.9
"pizza, fried rice, burger",2,0,0,18,36.3
"fried rice, tandoori chicken, pasta",2,0,0,6,27.9
naan,19,0,0,13,20.2
chicken biryani,17,1,0,11,23.4
"pasta, pizza, veg biryani",12,0,0,3,32.9
"paneer butter masala, chicken biryani",17,0,0,7,23.3
"chicken biryani, pizza, burger",3,0,0,10,33.8
"veg biryani, pasta",9,0,0,13,25.3
"burger, tandoori chicken, chicken biryani",1,0,0,15,32.4
"burger, veg biryani",4,1,0,11,27.2
"paneer butter masala, masala dosa",4,0,0,13,26.6
chicken biryani,21,0,0,1,21.4
pasta,0,0,0,17,23.4
naan,9,0,0,15,20.7
pasta,12,1,0,1,25.9
"chicken biryani, masala dosa, paneer butter masala",17,0,0,6,31.9
"masala dosa, paneer butter masala, pizza",21,0,0,12,37.7
"chicken biryani, naan",21,1,1,10,39.7
"masala dosa, naan",11,1,0,15,31.1
"burger, pasta",9,0,0,6,27.1
"chicken biryani, veg biryani, naan",15,1,0,7,32.2
"masala dosa, naan, burger",7,0,0,7,33.3
"paneer butter masala, fried rice",0,0,0,19,28.0
"pizza, tandoori chicken, chicken biryani",11,1,1,19,42.4
"burger, paneer butter masala, pizza",16,0,0,5,24.0
burger,11,0,0,8,18.6
tandoori chicken,12,0,0,8,20.1
"burger, fried rice",4,1,0,12,31.3
"pasta, naan, burger",21,1,0,19,46.6
masala dosa,10,0,1,18,29.8
"pizza, naan, paneer butter masala",16,1,0,16,36.6
"pasta, naan",1,1,0,2,23.6
"veg biryani, naan, masala dosa",19,0,0,8,31.4
veg biryani,14,0,0,10,18.2
"paneer butter masala, chicken biryani",8,0,0,10,26.3
"chicken biryani, tandoori chicken, veg biryani",6,0,0,14,33.2
pasta,4,0,0,19,25.6
"burger, naan, chicken biryani",20,0,0,14,35.5
"pasta, tandoori chicken, chicken biryani",22,1,0,7,33.3
"tandoori chicken, pizza, naan",5,1,0,18,38.5
"burger, veg biryani",17,0,0,12,27.2
tandoori chicken,5,0,0,12,23.4
"naan, pizza",3,0,0,5,23.8
veg biryani,15,0,0,4,17.0
"fried rice, burger",21,0,0,2,25.3
naan,15,0,0,2,17.8
"fried rice, veg biryani",9,0,0,15,28.5
veg biryani,20,0,1,17,37.0
"chicken biryani, naan",9,1,0,19,34.2
tandoori chicken,0,1,0,10,21.5
"fried rice, veg biryani, paneer butter masala",16,0,0,6,26.5
"paneer butter masala, fried rice, naan",12,0,0,3,35.6
tandoori chicken,2,1,1,14,29.1
"naan, veg biryani, paneer butter masala",19,0,1,7,35.3
"tandoori chicken, fried rice, burger",5,0,0,18,35.0
"burger, masala dosa, tandoori chicken",2,0,0,11,30.5
"paneer butter masala, pizza",7,0,0,9,23.7
"pasta, naan",12,0,0,16,34.8
"pasta, tandoori chicken, naan",5,0,0,13,28.6
"masala dosa, paneer butter masala, pasta",20,0,0,4,33.5
"chicken biryani, tandoori chicken, paneer butter masala",19,0,1,5,33.1
"chicken biryani, naan, masala dosa",0,0,0,4,30.1
pizza,6,0,0,10,21.9
"naan, burger",20,0,0,17,32.2
"pizza, chicken biryani, pasta",1,0,0,15,33.2
"naan, burger",17,0,0,4,20.9
tandoori chicken,20,0,0,11,26.5
"burger, pasta, veg biryani",12,0,0,19,39.1
masala dosa,13,0,0,7,21.5
"fried rice, tandoori chicken, naan",5,0,0,3,24.3
paneer butter masala,23,0,0,6,19.1
"burger, paneer butter masala, pasta",17,1,0,11,32.0
"fried rice, chicken biryani, tandoori chicken",10,0,1,10,36.1
"naan, fried rice, pizza",11,0,0,18,31.8
"pizza, veg biryani",14,0,0,13,25.3
"tandoori chicken, pizza",11,0,0,11,28.3
"tandoori chicken, naan, masala dosa",9,0,1,2,32.0
"paneer butter masala, burger, pasta",12,1,0,7,32.4
"pasta, burger, naan",8,0,0,15,34.5
"pizza, naan, paneer butter masala",16,0,0,2,27.4
"paneer butter masala, veg biryani, pasta",4,0,0,6,23.9
"burger, paneer butter masala",15,0,0,7,24.3
veg biryani,11,0,0,5,20.1
"tandoori chicken, pizza, masala dosa",19,0,0,3,28.5
"chicken biryani, veg biryani",4,0,0,15,29.9
naan,19,0,0,5,17.3
fried rice,12,0,0,18,28.1
"fried rice, chicken biryani, paneer butter masala",16,0,0,16,35.5
"masala dosa, burger, tandoori chicken",11,0,0,12,32.0
pasta,10,0,0,10,17.6
"masala dosa, tandoori chicken",0,0,0,14,29.8
"naan, tandoori chicken, veg biryani",18,0,0,9,27.5
"tandoori chicken, veg biryani",17,0,0,13,27.4
"pizza, tandoori chicken, burger",9,0,0,9,30.6
"fried rice, tandoori chicken, chicken biryani",20,0,1,10,43.1
"chicken biryani, pizza",3,0,0,10,27.9
burger,14,0,0,12,20.4
burger,12,1,1,2,34.8
"naan, masala dosa, burger",21,0,0,1,24.7
pizza,16,0,0,19,26.0
"paneer butter masala, pizza, pasta",2,0,1,13,39.8
"chicken biryani, tandoori chicken, burger",10,1,1,3,37.3
"veg biryani, chicken biryani",17,1,0,7,27.7
"pizza, fried rice",10,0,0,9,23.1
chicken biryani,13,1,0,12,28.8
"burger, veg biryani, pizza",10,0,1,15,40.9
"burger, tandoori chicken, veg biryani",8,1,0,18,39.8
"tandoori chicken, pasta, chicken biryani",8,0,0,11,32.6
"masala dosa, burger, veg biryani",5,0,0,13,28.3
tandoori chicken,14,0,0,1,17.0
"chicken biryani, fried rice, pizza",1,0,0,12,32.2
"pasta, tandoori chicken",11,0,1,9,34.7
"naan, pasta, fried rice",16,1,0,9,32.4
"pasta, tandoori chicken, pizza",14,0,0,16,32.5
"naan, fried rice",17,0,0,6,19.9
burger,14,1,0,7,17.4
paneer butter masala,3,0,0,2,13.5
"pizza, masala dosa, fried rice",19,0,0,3,25.6
"paneer butter masala, pasta",10,0,0,12,24.1
"naan, tandoori chicken, pasta",10,1,0,12,31.9
"tandoori chicken, pasta, chicken biryani",4,0,1,13,40.6
"paneer butter masala, burger",16,0,1,4,25.3
masala dosa,0,0,0,5,19.5
pasta,6,0,1,13,27.7
"burger, chicken biryani, tandoori chicken",14,1,0,5,32.5
pasta,23,0,0,6,13.7
"pasta, pizza",4,1,0,8,27.6
masala dosa,7,0,0,3,15.5
"pasta, veg biryani, tandoori chicken",2,0,1,6,30.4
"fried rice, naan, masala dosa",6,0,0,19,34.5
"pizza, veg biryani, naan",22,0,0,4,23.5
"burger, fried rice",20,0,0,15,32.7
"tandoori chicken, masala dosa, pasta",10,0,0,10,29.6
"veg biryani, burger, paneer butter masala",19,0,0,14,30.4
chicken biryani,5,1,0,19,25.6
"pasta, paneer butter masala",18,0,1,15,32.0
"tandoori chicken, pizza, burger",9,1,0,13,37.6
burger,1,1,0,14,26.7
naan,22,0,0,1,10.1
"veg biryani, fried rice, paneer butter masala",4,0,0,13,32.0
"veg biryani, tandoori chicken",12,0,0,7,29.5
"pizza, veg biryani, fried rice",6,1,0,13,34.1
"masala dosa, naan, pizza",11,0,0,5,25.6
paneer butter masala,22,0,0,14,22.2
pizza,10,1,0,1,18.6
"masala dosa, chicken biryani",1,1,1,1,29.5
"masala dosa, chicken biryani, paneer butter masala",10,0,0,16,31.1
"naan, pizza",9,1,0,6,25.5
"paneer butter masala, fried rice, burger",13,0,0,7,34.4
"naan, paneer butter masala",7,0,0,16,27.0
"pasta, masala dosa",9,0,0,13,21.3
"fried rice, naan",7,0,0,5,24.9
"tandoori chicken, masala dosa",0,0,0,4,17.2
paneer butter masala,15,0,0,7,18.1
paneer butter masala,5,0,0,10,18.4
"chicken biryani, paneer butter masala, burger",18,0,0,4,29.1
fried rice,21,0,0,8,25.1
fried rice,8,0,0,15,19.7
"pizza, paneer butter masala, pasta",4,0,1,13,35.4
"veg biryani, pasta, burger",16,0,0,15,35.9
veg biryani,0,0,0,9,17.7
"naan, fried rice, veg biryani",14,0,0,11,29.6
"masala dosa, burger",9,0,0,9,24.1
"pasta, pizza, chicken biryani",3,1,0,4,28.7
masala dosa,20,1,0,18,30.2
pizza,18,0,0,18,24.8
"burger, masala dosa",14,0,0,2,21.6
"naan, chicken biryani",8,0,0,15,25.9
fried rice,10,0,0,13,20.6
"paneer butter masala, pasta, chicken biryani",1,0,0,5,27.1
chicken biryani,23,0,0,10,18.8
"chicken biryani, paneer butter masala",14,1,0,15,30.5
pasta,3,0,0,1,13.8
"pizza, fried rice, chicken biryani",0,0,1,14,39.0
"pizza, pasta",3,1,0,2,21.3
"masala dosa, naan, pasta",11,0,0,7,26.2
burger,23,0,0,6,13.0
"pasta, paneer butter masala",3,0,0,11,26.8
pizza,14,0,0,13,21.7
veg biryani,12,0,0,9,19.8
"fried rice, paneer butter masala",5,0,0,12,29.3
"pasta, naan, burger",4,0,0,12,29.0
"paneer butter masala, fried rice",0,0,0,16,28.0
fried rice,20,1,0,19,31.6
"paneer butter masala, veg biryani",13,0,0,10,29.8
"tandoori chicken, burger, paneer butter masala",4,0,0,18,34.0
burger,9,0,0,16,20.7
"pizza, paneer butter masala, burger",3,0,0,17,31.2
veg biryani,15,0,0,11,20.7
"paneer butter masala, pasta",15,1,0,18,28.6
paneer butter masala,5,0,0,2,17.6
"pasta, chicken biryani, naan",11,0,0,1,30.4
"masala dosa, veg biryani, pasta",6,1,0,12,34.9
"paneer butter masala, veg biryani",16,0,1,10,34.5
"veg biryani, burger",10,0,0,13,27.6
"fried rice, burger",9,0,0,11,27.2
"pasta, burger",23,0,0,3,22.7
veg biryani,18,1,0,1,20.8
"fried rice, tandoori chicken, masala dosa",17,0,1,12,40.1
"paneer butter masala, tandoori chicken, naan",20,0,0,11,36.6
tandoori chicken,8,0,0,8,17.5
"tandoori chicken, paneer butter masala",9,0,0,2,24.4
veg biryani,15,0,0,2,19.1
"tandoori chicken, burger",16,0,0,4,22.5
"masala dosa, tandoori chicken",10,0,0,14,25.3
"veg biryani, burger",20,1,0,3,28.1
pizza,22,0,0,15,20.2
"chicken biryani, pasta",12,0,0,11,31.6
masala dosa,7,0,0,17,24.7
pasta,16,1,0,12,27.7
pizza,2,0,0,14,22.6
"chicken biryani, paneer butter masala",22,0,0,10,23.9
"chicken biryani, pasta",6,0,0,15,29.5
"chicken biryani, naan",8,0,0,3,21.3
"burger, naan, masala dosa",0,0,1,6,34.9
"burger, paneer butter masala, fried rice",16,0,0,16,33.0
pizza,11,0,0,19,23.6
pasta,17,0,0,7,17.9
"tandoori chicken, masala dosa",15,0,0,16,30.3
pizza,18,0,0,14,24.6
"pizza, naan",21,0,0,4,24.4
"masala dosa, burger",11,0,0,7,22.8
veg biryani,9,0,0,6,19.4
chicken biryani,16,1,0,19,30.7
"naan, fried rice",8,0,1,7,29.2
"pasta, chicken biryani, paneer butter masala",12,0,0,8,36.2
"naan, pasta, chicken biryani",10,0,0,4,27.5
"paneer butter masala, chicken biryani",15,0,1,18,36.1
"chicken biryani, paneer butter masala",23,0,0,12,24.6
"pizza, naan, fried rice",4,0,1,5,34.7
"tandoori chicken, chicken biryani",8,0,0,8,22.6
"veg biryani, burger",22,0,0,11,24.1
masala dosa,20,0,0,18,32.4
"veg biryani, chicken biryani",8,1,0,15,28.2
"pasta, veg biryani, chicken biryani",18,0,1,13,38.9
"tandoori chicken, pasta",6,1,1,1,30.7
"masala dosa, fried rice, naan",14,0,0,6,29.7
chicken biryani,18,0,0,4,14.7
"tandoori chicken, chicken biryani, pasta",23,1,0,9,31.7
"pizza, tandoori chicken",7,0,0,1,21.9
"masala dosa, pizza",12,0,0,19,34.0
"fried rice, pasta, pizza",3,0,0,8,26.3
pizza,12,0,0,8,23.4
"fried rice, veg biryani, naan",7,1,0,12,38.1
veg biryani,0,0,0,5,14.2
burger,2,0,0,11,23.7
pasta,1,0,0,11,23.8
"masala dosa, paneer butter masala, pasta",15,0,0,2,25.7
"pizza, pasta, veg biryani",23,0,0,8,28.6
"veg biryani, tandoori chicken, masala dosa",0,1,0,2,28.3
"masala dosa, pizza, pasta",16,1,0,19,36.1
"tandoori chicken, fried rice, masala dosa",9,0,1,1,34.1
"paneer butter masala, masala dosa",6,0,0,5,21.4
"pasta, fried rice, naan",8,1,0,5,29.2
veg biryani,15,0,0,9,17.2
pasta,22,0,1,17,33.6
"pasta, paneer butter masala, chicken biryani",14,0,0,17,34.7
"fried rice, burger, paneer butter masala",9,0,0,1,21.6
pizza,17,0,0,13,22.7
paneer butter masala,23,0,0,16,27.4
"veg biryani, masala dosa, naan",6,0,0,19,32.7
"fried rice, veg biryani, pizza",3,1,0,17,40.7
"tandoori chicken, fried rice, paneer butter masala",11,0,0,16,31.8
"pasta, burger, fried rice",1,0,1,13,42.0
"pasta, naan",16,0,0,17,28.9
"fried rice, tandoori chicken, naan",21,0,0,9,39.9
naan,5,0,0,19,24.4
"paneer butter masala, burger, naan",14,0,0,6,28.2
"naan, paneer butter masala",5,0,0,4,21.4
"veg biryani, paneer butter masala",20,0,0,2,24.0
"chicken biryani, tandoori chicken",19,1,0,18,32.3
"naan, fried rice",8,0,0,19,29.2
"pasta, chicken biryani",4,0,0,17,31.0
masala dosa,18,0,0,1,14.6
pasta,10,1,0,12,22.3
chicken biryani,15,0,0,4,15.6
"masala dosa, naan, veg biryani",19,1,1,15,41.8
"veg biryani, chicken biryani, naan",1,1,0,6,29.0
"chicken biryani, veg biryani",23,0,1,16,37.1
"fried rice, burger, masala dosa",11,0,0,2,26.6
"masala dosa, veg biryani",18,0,0,17,28.2
"masala dosa, fried rice, chicken biryani",21,0,0,19,42.2
burger,17,0,0,1,14.0
masala dosa,23,0,0,13,23.8
"masala dosa, chicken biryani, fried rice",23,0,0,13,29.9
"naan, veg biryani",4,1,0,19,30.1
"pasta, burger, masala dosa",6,0,0,8,33.0
masala dosa,22,0,0,4,17.3
"burger, naan, masala dosa",4,0,0,6,31.1
"tandoori chicken, fried rice",15,0,1,13,32.4
"pasta, veg biryani",17,0,1,12,34.3
pizza,3,0,0,1,17.5
masala dosa,21,0,0,12,30.0
"pizza, burger",6,0,0,17,29.1
pizza,5,0,0,17,24.6
"pasta, naan, burger",6,0,0,14,33.8
veg biryani,9,0,0,18,22.5
masala dosa,7,0,0,8,16.4
"burger, pizza, pasta",15,1,0,6,30.2
"veg biryani, pizza, naan",6,0,0,9,28.3
"chicken biryani, fried rice",6,0,0,4,23.1
naan,17,0,0,10,18.7
chicken biryani,4,0,0,6,15.9
veg biryani,7,0,0,8,19.0
naan,16,0,0,8,16.0
"pizza, paneer butter masala, pasta",17,0,0,7,27.6
naan,5,0,0,3,16.4
veg biryani,18,0,0,16,22.8
naan,23,0,0,17,23.5
masala dosa,12,0,0,19,28.0
"chicken biryani, tandoori chicken",1,1,0,4,22.9
"naan, pasta, masala dosa",7,0,1,6,35.5
"veg biryani, pasta",17,1,0,1,22.7
pasta,4,0,0,4,15.8
"tandoori chicken, chicken biryani",13,1,0,18,41.9
"burger, pasta, chicken biryani",15,0,1,3,35.2
pizza,4,1,0,3,19.8
masala dosa,12,0,0,6,24.7
"naan, chicken biryani",22,1,0,10,28.2
"chicken biryani, naan",19,0,0,4,23.8
"masala dosa, paneer butter masala",1,0,0,10,24.5
"pasta, masala dosa, paneer butter masala",23,0,0,16,33.8
"veg biryani, paneer butter masala, naan",6,0,0,12,28.9
fried rice,19,0,0,3,14.2
chicken biryani,15,0,0,14,22.1
"naan, burger",4,0,0,8,27.1
tandoori chicken,20,1,0,19,31.1
"pasta, paneer butter masala, masala dosa",20,0,0,8,33.7
"tandoori chicken, burger",13,0,0,15,30.4
"fried rice, masala dosa",7,0,0,19,27.4
"pasta, masala dosa, burger",22,0,0,8,27.1
"pizza, chicken biryani, naan",4,0,0,14,30.1
naan,17,0,0,15,25.0
"pizza, tandoori chicken, veg biryani",1,1,0,4,30.2
pizza,0,0,0,4,17.4
"chicken biryani, pizza",11,0,0,10,27.4
chicken biryani,18,1,0,1,19.5
"veg biryani, chicken biryani, pizza",16,0,1,5,35.0
naan,12,1,0,4,25.6
"masala dosa, naan, veg biryani",18,0,0,8,28.9
"tandoori chicken, naan, burger",13,1,0,4,38.2
"fried rice, masala dosa",14,0,0,11,27.3
"chicken biryani, fried rice, burger",7,0,0,17,33.7
paneer butter masala,9,1,0,18,27.0
naan,20,1,0,17,36.3
masala dosa,16,1,0,18,29.1
"burger, masala dosa, paneer butter masala",7,0,0,11,29.4
"burger, naan, fried rice",5,0,0,5,28.6
"naan, tandoori chicken, masala dosa",8,1,0,14,32.6
"veg biryani, paneer butter masala",22,0,0,9,25.2
pasta,19,1,0,8,23.8
chicken biryani,14,1,0,9,21.9
"tandoori chicken, burger, fried rice",16,1,0,7,32.1
"paneer butter masala, fried rice",9,1,0,19,33.6
"veg biryani, tandoori chicken",13,0,0,16,34.1
"masala dosa, burger",18,0,0,8,25.6
"naan, tandoori chicken, masala dosa",7,0,0,4,24.9
"veg biryani, naan, fried rice",23,0,0,9,25.7
"paneer butter masala, burger, chicken biryani",23,0,0,8,31.4
"pizza, veg biryani, chicken biryani",11,1,0,18,38.3
masala dosa,10,1,0,7,21.6
"masala dosa, fried rice",11,0,0,17,28.7
chicken biryani,8,0,0,3,14.3
"pasta, paneer butter masala",21,0,0,10,29.5
"burger, tandoori chicken",19,0,0,17,28.3
tandoori chicken,18,0,0,16,23.3
"pasta, paneer butter masala",13,0,0,13,30.1
"burger, fried rice",0,0,0,2,17.4
"fried rice, pasta, veg biryani",20,1,0,16,44.0
"chicken biryani, naan, pasta",12,0,0,18,38.6
"pasta, masala dosa",19,0,1,16,36.2
"masala dosa, burger, paneer butter masala",21,0,0,16,37.5
"pizza, pasta",8,0,0,14,26.5
"pasta, fried rice",20,0,1,13,36.6
"masala dosa, chicken biryani, pizza",20,0,0,8,36.4
fried rice,12,0,0,10,26.9
"veg biryani, naan, pizza",5,0,0,10,29.4
"burger, fried rice, chicken biryani",8,0,0,4,29.7
"tandoori chicken, veg biryani, pizza",5,1,1,4,36.9
masala dosa,18,0,0,16,26.8
"pasta, fried rice",22,1,0,6,25.3
tandoori chicken,22,0,0,7,17.8
"chicken biryani, fried rice",11,0,0,10,26.2
"veg biryani, tandoori chicken, fried rice",15,0,0,15,32.0
"paneer butter masala, tandoori chicken",19,0,0,5,21.0
"pasta, tandoori chicken",22,0,0,5,19.8
masala dosa,22,0,0,8,19.8
"burger, pasta, fried rice",19,0,0,16,33.1
"burger, chicken biryani",22,1,0,14,30.8
"burger, veg biryani, fried rice",8,0,0,5,26.6
paneer butter masala,18,1,0,10,21.4
"paneer butter masala, chicken biryani, pizza",19,0,0,10,31.1
pizza,16,1,0,13,24.5
"paneer butter masala, naan",13,1,0,5,33.2
"pizza, pasta",17,1,0,3,22.8
"masala dosa, paneer butter masala, naan",23,0,0,11,33.0
"tandoori chicken, fried rice",12,0,0,19,35.7
"burger, pizza",20,0,0,12,28.2
chicken biryani,16,0,0,19,20.9
"veg biryani, pasta, paneer butter masala",9,0,1,18,41.9
veg biryani,1,0,0,10,19.6
"paneer butter masala, fried rice",16,0,0,15,28.1
naan,5,0,0,12,23.3
"masala dosa, chicken biryani, tandoori chicken",22,0,0,4,29.6
veg biryani,3,0,0,2,16.0
paneer butter masala,7,0,0,10,21.9
burger,16,0,0,16,24.7
"pasta, tandoori chicken",23,0,0,13,25.8
pizza,9,0,0,10,17.6
"tandoori chicken, chicken biryani, burger",6,0,0,18,31.0
"burger, paneer butter masala, naan",22,0,0,10,28.7
"chicken biryani, tandoori chicken",5,0,0,9,27.5
"paneer butter masala, veg biryani, chicken biryani",8,0,0,9,29.7
"burger, chicken biryani, pasta",9,0,0,19,33.3
"naan, chicken biryani",0,1,0,11,27.6
"chicken biryani, naan",13,1,0,5,31.3
"fried rice, paneer butter masala, naan",15,0,0,15,32.8
"fried rice, veg biryani",4,0,1,5,26.4
"paneer butter masala, burger, masala dosa",1,0,0,4,24.9
naan,2,0,0,5,15.2
fried rice,19,1,0,5,22.6
chicken biryani,4,1,0,19,28.7
"tandoori chicken, naan",18,0,0,2,22.2
"chicken biryani, veg biryani",23,0,0,3,26.4
"fried rice, burger",17,0,0,8,25.7
"pizza, tandoori chicken",14,1,0,15,35.9
burger,14,1,0,3,21.2
"tandoori chicken, pasta",2,1,0,10,27.3
"naan, pasta",4,0,0,10,26.8
"veg biryani, pizza, masala dosa",20,0,0,19,43.2
pasta,19,0,0,4,16.2
"pizza, masala dosa, burger",11,0,1,7,31.4
"naan, paneer butter masala",9,0,0,14,26.5
pizza,21,1,0,18,28.9
"naan, masala dosa, fried rice",8,0,0,3,25.4
paneer butter masala,21,0,0,18,27.6
"burger, masala dosa, pasta",3,1,0,19,38.8
"veg biryani, paneer butter masala, fried rice",18,0,0,1,25.6
chicken biryani,10,0,1,14,26.1
paneer butter masala,17,0,0,17,23.5
"masala dosa, fried rice",20,0,0,17,35.7
"veg biryani, chicken biryani, masala dosa",22,0,0,13,30.8
burger,1,0,0,11,20.5
"tandoori chicken, fried rice",16,0,0,10,27.0
tandoori chicken,21,0,1,8,32.8
"paneer butter masala, pizza, pasta",17,0,0,4,27.8
paneer butter masala,18,0,0,6,16.8
"fried rice, veg biryani, burger",5,0,0,11,28.2
masala dosa,21,0,0,13,28.3
tandoori chicken,11,1,0,18,27.0
"pizza, burger, chicken biryani",11,0,0,12,29.0
"tandoori chicken, pasta",15,0,0,17,29.2
"chicken biryani, fried rice, masala dosa",12,1,0,12,36.3
"chicken biryani, paneer butter masala",22,0,0,11,26.7
burger,8,0,1,3,21.0
pasta,17,0,0,2,15.4
paneer butter masala,16,0,0,8,16.5
pizza,12,0,0,4,19.4
"burger, masala dosa",19,0,1,18,32.8
"veg biryani, paneer butter masala, pizza",8,0,0,8,28.2
pasta,3,0,0,2,16.0
"fried rice, chicken biryani, veg biryani",21,0,0,6,31.3
"tandoori chicken, pasta, paneer butter masala",7,0,0,4,26.2
"naan, tandoori chicken",20,0,0,10,27.9
"burger, tandoori chicken",9,0,0,4,20.3
naan,0,0,0,10,20.7
"burger, fried rice",7,0,0,10,25.9
"masala dosa, veg biryani",7,0,0,10,24.8
burger,17,1,1,19,36.8
chicken biryani,4,0,0,16,24.7
"tandoori chicken, pasta, masala dosa",13,0,1,4,37.1
fried rice,13,0,0,9,26.1
"veg biryani, pizza",10,1,1,10,36.2
burger,19,0,0,1,18.9
"fried rice, naan, tandoori chicken",8,1,1,14,42.4
veg biryani,7,0,0,6,14.6
"naan, tandoori chicken, pizza",5,0,0,7,26.0
chicken biryani,14,0,0,8,17.6
"masala dosa, tandoori chicken",19,0,0,2,22.3
"naan, masala dosa",23,0,0,11,26.4
"burger, masala dosa",7,0,0,5,25.9
"burger, tandoori chicken",3,0,0,13,26.7
naan,16,0,0,12,21.3
"masala dosa, fried rice, tandoori chicken",20,0,0,18,38.0
"tandoori chicken, veg biryani",20,0,0,9,30.1
"burger, masala dosa",21,0,0,15,27.5
"naan, fried rice, veg biryani",0,1,0,3,28.0
"naan, paneer butter masala",12,1,0,16,32.3
"chicken biryani, paneer butter masala",11,0,0,8,26.3
"pizza, masala dosa, pasta",5,0,0,2,27.5
"chicken biryani, pizza, paneer butter masala",1,0,0,17,33.0
tandoori chicken,12,0,0,3,25.2
paneer butter masala,17,0,0,4,19.0
"pizza, naan, tandoori chicken",4,1,0,18,36.9
pizza,19,0,0,13,19.5
"paneer butter masala, tandoori chicken, masala dosa",6,0,0,13,29.5
"masala dosa, fried rice",14,0,0,18,27.3
veg biryani,18,0,0,19,21.7
"tandoori chicken, fried rice, pizza",10,0,0,10,28.7
fried rice,8,0,0,19,27.6
"tandoori chicken, masala dosa, veg biryani",1,0,0,6,31.8
"masala dosa, pasta, pizza",23,0,0,18,34.6
"naan, burger",5,0,0,11,24.6
"veg biryani, fried rice, naan",16,1,1,9,36.9
"pizza, chicken biryani, veg biryani",6,0,0,19,34.0
fried rice,5,0,0,7,18.7
"veg biryani, burger, masala dosa",7,0,0,15,33.5
masala dosa,11,0,0,3,15.8
tandoori chicken,17,1,0,17,22.5
"chicken biryani, veg biryani",9,0,0,5,24.1
"masala dosa, burger, naan",15,0,0,16,30.8
"veg biryani, paneer butter masala",6,0,0,14,27.2
"veg biryani, fried rice",23,0,0,11,24.9
"pizza, fried rice, naan",17,0,0,14,32.1
"pasta, masala dosa, tandoori chicken",11,0,0,6,23.8
"veg biryani, naan, chicken biryani",18,0,1,10,35.6
masala dosa,14,1,0,17,27.4
pasta,16,1,0,1,20.6
"pasta, veg biryani",12,1,0,17,35.0
"burger, masala dosa",19,0,0,8,22.0
masala dosa,6,0,0,19,24.3
naan,11,1,0,19,27.1
fried rice,13,0,0,13,28.2
"pizza, tandoori chicken",4,0,0,19,27.2
masala dosa,0,0,0,8,17.3
naan,16,0,0,16,25.2
"tandoori chicken, naan",6,0,0,19,31.1
"pizza, tandoori chicken, masala dosa",0,1,0,6,29.3
"chicken biryani, burger, pasta",3,0,0,1,24.2
pizza,6,1,0,15,27.4
"pasta, paneer butter masala, masala dosa",20,0,0,17,40.0
"veg biryani, fried rice",19,0,0,17,25.8
"naan, veg biryani, burger",5,0,0,14,34.1
"naan, burger, masala dosa",3,1,0,17,34.4
pizza,5,0,0,8,17.2
veg biryani,9,1,0,15,25.7
"pasta, naan",4,0,0,17,25.1
"masala dosa, fried rice",23,0,0,15,25.7
"paneer butter masala, masala dosa",14,0,0,6,23.0
"paneer butter masala, burger, naan",10,1,1,2,36.9
"masala dosa, chicken biryani, fried rice",0,0,0,13,30.9
"pizza, pasta",9,0,0,6,21.3
paneer butter masala,18,0,0,4,20.9
"pizza, fried rice",18,0,0,14,30.3
"fried rice, tandoori chicken, pizza",10,0,0,5,31.7
"veg biryani, paneer butter masala",8,0,0,14,27.3
"tandoori chicken, paneer butter masala, masala dosa",14,0,0,6,28.3
"veg biryani, paneer butter masala, fried rice",14,0,0,16,31.5
"veg biryani, pasta, pizza",5,1,0,7,30.0
"paneer butter masala, veg biryani, naan",13,1,0,17,37.9
"naan, pizza",18,0,0,2,19.1
"naan, pizza",2,0,0,13,25.1
veg biryani,9,0,0,11,19.4
"masala dosa, fried rice, paneer butter masala",3,0,0,19,36.5
"burger, pizza, pasta",23,0,0,7,23.8
tandoori chicken,3,0,0,4,16.9
"chicken biryani, veg biryani, masala dosa",2,0,0,1,25.0
"tandoori chicken, masala dosa, fried rice",4,0,0,16,36.3
"tandoori chicken, masala dosa",7,1,0,19,32.0
chicken biryani,9,0,0,8,16.8
"veg biryani, tandoori chicken, masala dosa",12,0,0,11,33.1
"pizza, burger, tandoori chicken",15,0,0,17,31.9
"tandoori chicken, burger, masala dosa",22,0,1,6,34.3
"fried rice, burger, masala dosa",7,0,0,18,31.9
"burger, chicken biryani, veg biryani",18,0,0,8,27.0
"masala dosa, pizza",6,0,0,9,26.5
burger,2,0,0,5,20.7
"pizza, fried rice",17,0,0,3,22.2
pizza,8,0,0,1,18.2
chicken biryani,19,0,0,10,19.7
"paneer butter masala, masala dosa",13,0,0,9,26.5
"burger, paneer butter masala, veg biryani",7,0,0,13,32.5
"burger, veg biryani",6,0,1,9,31.1
"pasta, fried rice",11,0,0,14,29.3
"paneer butter masala, masala dosa, pizza",11,0,1,6,37.3
"veg biryani, masala dosa",17,0,1,5,26.3
"naan, burger",10,0,0,10,23.3
pizza,10,0,0,9,19.4
naan,1,0,0,1,17.1
burger,2,1,0,15,28.8
"tandoori chicken, chicken biryani",13,0,1,8,35.4
masala dosa,11,0,0,14,22.1
tandoori chicken,16,0,0,12,18.7
"tandoori chicken, veg biryani",12,0,0,4,24.6
"masala dosa, naan, chicken biryani",1,0,0,11,30.8
masala dosa,1,1,0,6,21.4
masala dosa,1,0,0,13,20.7
"fried rice, naan, masala dosa",23,0,1,9,37.7
"naan, fried rice, pizza",8,0,0,1,25.2
"chicken biryani, veg biryani, paneer butter masala",10,0,0,17,32.5
"masala dosa, pasta",6,0,1,1,24.4
"tandoori chicken, pasta",23,0,0,18,30.3
"masala dosa, paneer butter masala, tandoori chicken",9,0,0,15,35.8
"veg biryani, tandoori chicken",13,0,1,14,35.4
"fried rice, veg biryani, chicken biryani",21,1,0,9,35.5
"fried rice, masala dosa",19,0,0,17,27.5
pasta,3,1,0,2,13.4
"masala dosa, pizza",8,0,0,14,26.5
"veg biryani, pizza",9,0,0,8,26.6
"paneer butter masala, fried rice, tandoori chicken",7,0,0,19,33.6
"tandoori chicken, fried rice",7,0,0,1,22.7
pasta,8,0,0,12,21.0
"fried rice, pasta, tandoori chicken",4,0,0,19,34.8
"paneer butter masala, pizza, burger",18,0,0,10,31.2
pizza,9,1,0,12,23.2
"burger, chicken biryani, pasta",14,1,0,9,32.2
"fried rice, tandoori chicken",15,1,0,19,35.2
"pasta, veg biryani, tandoori chicken",9,0,0,1,25.7
"veg biryani, naan",13,0,0,11,31.3
"pasta, tandoori chicken",17,0,0,11,23.3
"burger, pizza",19,0,0,13,27.2
burger,17,0,0,4,18.1
paneer butter masala,1,0,0,6,19.8
fried rice,21,0,0,4,20.4
burger,16,0,0,11,21.8
fried rice,15,1,0,4,19.1
paneer butter masala,8,1,0,7,25.9
"fried rice, tandoori chicken, paneer butter masala",5,0,0,16,33.4
fried rice,21,0,0,7,24.8
"masala dosa, naan",4,0,0,9,21.4
"burger, pasta",22,1,0,10,29.5
"paneer butter masala, chicken biryani",1,0,0,6,23.0
"tandoori chicken, burger",21,0,0,9,28.7
"burger, naan, fried rice",19,0,0,3,24.3
paneer butter masala,21,0,0,2,17.2
"chicken biryani, burger",22,0,0,14,26.4
pizza,2,0,0,17,24.0
"tandoori chicken, masala dosa, veg biryani",9,0,0,16,30.4
"chicken biryani, naan, fried rice",16,0,0,11,29.0
"paneer butter masala, veg biryani, fried rice",7,0,0,8,29.3
pizza,14,0,0,17,24.7
"pasta, fried rice",20,0,0,15,35.9
"pizza, fried rice",21,0,0,17,33.6
"pizza, burger",12,0,0,9,31.6
veg biryani,12,0,0,16,26.7
naan,17,0,0,17,22.2
"tandoori chicken, paneer butter masala",5,0,0,9,20.7
"paneer butter masala, fried rice, masala dosa",22,0,0,8,29.4
pasta,8,0,0,6,18.4
"paneer butter masala, pizza, chicken biryani",5,0,0,15,29.3
"naan, paneer butter masala",4,0,0,9,22.9
"veg biryani, pizza",2,0,0,5,23.4
"pizza, tandoori chicken",17,0,0,9,25.4
"tandoori chicken, pizza, masala dosa",3,1,0,9,30.8
"fried rice, chicken biryani",1,0,0,7,22.5
"burger, tandoori chicken, masala dosa",3,0,0,14,31.1
"paneer butter masala, chicken biryani",13,1,0,3,31.1
"paneer butter masala, tandoori chicken, pasta",5,0,1,13,38.5
"paneer butter masala, burger",5,0,0,16,28.3
masala dosa,3,0,0,6,16.8
"chicken biryani, tandoori chicken, masala dosa",13,0,0,14,35.7
burger,15,1,0,1,20.2
"chicken biryani, fried rice",23,0,0,5,22.0
tandoori chicken,5,0,0,6,18.8
"pizza, naan",10,0,0,5,21.9
"fried rice, chicken biryani, pasta",14,0,0,6,29.1
paneer butter masala,3,0,0,10,18.0
chicken biryani,15,0,0,13,22.6
"pasta, masala dosa, veg biryani",2,0,1,15,39.0
burger,16,0,0,15,21.3
burger,0,0,0,4,17.8
veg biryani,9,1,1,3,23.8
"fried rice, tandoori chicken",12,0,1,15,37.6
chicken biryani,23,0,0,12,26.3
"masala dosa, paneer butter masala",8,0,0,5,24.9
"tandoori chicken, naan, pasta",10,0,0,9,29.8
"paneer butter masala, pizza, tandoori chicken",6,0,0,18,34.7
burger,19,1,0,16,22.3
veg biryani,19,0,0,18,24.5
veg biryani,2,1,0,7,22.2
paneer butter masala,14,0,0,15,23.1
"naan, paneer butter masala, veg biryani",3,0,0,14,30.7
"paneer butter masala, pizza",6,1,0,13,29.4
"pasta, pizza, tandoori chicken",6,0,0,10,31.6
fried rice,19,0,1,17,28.5
"masala dosa, paneer butter masala, tandoori chicken",3,0,0,7,32.0
"fried rice, veg biryani",15,0,1,6,28.9
pasta,7,0,1,7,25.0
tandoori chicken,0,0,0,10,18.3
"masala dosa, pizza",9,0,0,16,28.3
tandoori chicken,8,1,0,14,25.4
"masala dosa, pasta",22,0,0,18,28.6
"veg biryani, chicken biryani",16,1,0,3,23.3
"pizza, burger",11,0,0,15,29.7
"pizza, tandoori chicken",6,0,0,14,25.4
"masala dosa, pasta",9,0,1,4,26.8
pasta,2,0,0,2,17.5
"masala dosa, naan",9,0,0,1,21.4
"burger, pasta, pizza",23,0,0,11,28.3
tandoori chicken,16,0,0,13,21.3
"chicken biryani, masala dosa, burger",10,0,0,1,28.6
masala dosa,18,0,0,8,21.0
"naan, tandoori chicken",20,1,0,10,33.4
chicken biryani,17,0,0,16,23.8
"paneer butter masala, masala dosa, veg biryani",13,0,0,17,36.5
"chicken biryani, veg biryani",7,0,1,9,29.5
"chicken biryani, pizza, tandoori chicken",7,0,0,1,27.0
"naan, pizza, masala dosa",17,0,1,2,31.6
tandoori chicken,13,0,0,12,30.9
fried rice,10,1,0,15,27.6
naan,19,0,0,2,14.3
"masala dosa, tandoori chicken",17,0,1,11,35.3
masala dosa,2,0,0,10,17.7
"pasta, paneer butter masala",2,0,0,5,24.5
chicken biryani,5,0,0,7,20.9
pasta,11,0,0,6,19.3
"chicken biryani, masala dosa, veg biryani",19,0,0,12,31.1
"tandoori chicken, fried rice",5,0,0,3,24.9
paneer butter masala,7,0,0,5,19.8
"fried rice, pasta, masala dosa",15,0,0,3,27.5
"pizza, tandoori chicken",7,0,0,4,20.5
"tandoori chicken, burger",10,0,1,9,31.6
"pizza, masala dosa",8,0,1,9,35.4
"masala dosa, tandoori chicken",20,0,1,15,36.8
"pasta, naan",6,0,1,15,33.0
chicken biryani,9,0,0,15,24.8
naan,7,0,0,19,24.3
"naan, fried rice",13,0,0,16,34.9
"pizza, fried rice, tandoori chicken",22,1,0,18,37.4
masala dosa,1,0,0,11,19.2
naan,8,0,0,4,18.8
"fried rice, chicken biryani, paneer butter masala",11,1,0,2,27.0
veg biryani,14,0,0,18,23.8
"pasta, chicken biryani",12,0,0,14,31.8
"burger, pizza",7,0,1,7,32.9
"tandoori chicken, pasta",11,0,1,3,32.2
"burger, chicken biryani",20,0,1,19,37.2
"masala dosa, naan, pasta",8,0,0,6,28.7
"pasta, pizza, burger",3,0,0,4,32.0
"masala dosa, pasta",2,0,0,13,29.0
"paneer butter masala, veg biryani",20,0,0,18,30.8
"pasta, chicken biryani",15,0,0,15,30.2
tandoori chicken,0,0,0,5,18.3
"veg biryani, pasta",3,0,0,5,21.8
"veg biryani, fried rice, pizza",16,0,0,18,33.3
"veg biryani, naan",3,0,0,10,29.9
masala dosa,1,0,0,18,23.8
burger,22,0,0,17,22.3
"masala dosa, chicken biryani, naan",9,0,0,3,27.9
tandoori chicken,12,0,0,7,23.8
naan,19,1,0,13,23.3
"masala dosa, naan",18,0,0,11,26.9
"veg biryani, paneer butter masala",4,1,0,11,28.0
pasta,6,1,1,5,28.5
"pizza, burger",17,1,0,19,36.1
"burger, fried rice",1,0,0,11,26.0
chicken biryani,18,0,0,17,21.2
"veg biryani, chicken biryani, burger",4,1,0,4,29.3
paneer butter masala,4,1,0,14,28.3
"tandoori chicken, paneer butter masala, pizza",20,0,0,9,30.9
fried rice,2,0,0,4,18.1
paneer butter masala,11,0,0,5,15.7
"paneer butter masala, pizza",10,0,0,8,25.1
"masala dosa, pizza",23,1,0,19,32.9
veg biryani,1,1,0,19,29.3
"tandoori chicken, masala dosa",5,0,0,15,27.1
fried rice,5,1,0,7,20.9
burger,4,1,1,10,30.3
fried rice,14,0,0,2,15.2
pizza,23,1,0,1,21.7
"veg biryani, chicken biryani",0,0,1,12,31.8
"burger, naan",0,1,0,10,28.9
"tandoori chicken, fried rice, naan",17,0,0,9,29.9
"burger, naan, veg biryani",14,0,0,15,33.5
"tandoori chicken, naan",14,0,0,5,21.3
burger,23,1,1,10,25.7
fried rice,1,0,0,17,20.7
"burger, paneer butter masala",2,0,0,6,20.6
"paneer butter masala, veg biryani",18,0,0,2,22.3
veg biryani,23,0,0,4,19.8
"veg biryani, fried rice",6,0,0,7,23.0
"naan, chicken biryani",13,0,0,12,30.6
"tandoori chicken, veg biryani, fried rice",21,0,0,4,29.6
"chicken biryani, fried rice",11,0,0,19,33.6
veg biryani,3,1,0,14,23.6
"pasta, tandoori chicken, masala dosa",1,0,0,19,34.7
"pasta, chicken biryani",9,0,0,4,23.0
"pizza, masala dosa",1,0,0,6,23.5
"paneer butter masala, pizza, tandoori chicken",2,0,0,11,30.3
pasta,17,0,0,1,10.0
"pizza, paneer butter masala, pasta",6,1,1,12,44.2
pasta,23,0,0,12,22.3
"burger, pasta, veg biryani",0,1,0,15,35.2
"naan, burger, masala dosa",17,0,0,19,33.8
"pasta, masala dosa, chicken biryani",18,0,0,2,28.3
"chicken biryani, veg biryani, paneer butter masala",22,0,0,6,25.6
"veg biryani, masala dosa",23,0,0,10,25.5
"masala dosa, paneer butter masala",12,0,0,17,31.4
"pasta, pizza, masala dosa",11,0,0,7,29.2
"paneer butter masala, pasta",19,1,0,11,26.2
"pasta, chicken biryani, veg biryani",21,1,0,11,34.9
tandoori chicken,3,0,0,4,14.7
"veg biryani, burger",3,0,0,10,26.6
paneer butter masala,17,0,0,17,23.4
"chicken biryani, tandoori chicken",12,0,0,12,28.1
"pasta, fried rice, veg biryani",15,0,1,11,37.6
"masala dosa, chicken biryani",20,0,0,9,29.8
pizza,19,0,0,8,16.7
"veg biryani, burger, naan",14,0,1,9,35.0
"tandoori chicken, naan",11,0,0,16,28.3
"tandoori chicken, naan",22,0,0,11,24.3
burger,17,0,0,18,22.9
tandoori chicken,10,0,0,14,19.3
burger,22,0,0,16,22.0
paneer butter masala,3,0,0,18,25.7
"burger, naan",5,0,0,17,26.7
"fried rice, tandoori chicken",18,0,0,13,26.2
"pasta, pizza",14,1,0,15,27.4
"burger, chicken biryani",11,0,0,13,24.8
"pasta, paneer butter masala",22,0,0,11,29.5
"tandoori chicken, pasta",19,0,0,9,25.5
"naan, pizza, veg biryani",3,0,0,13,31.2
"fried rice, chicken biryani",19,0,0,6,26.1
"fried rice, tandoori chicken, burger",21,0,1,9,42.2
"tandoori chicken, pizza, fried rice",18,0,0,8,28.7
"pizza, masala dosa, naan",10,0,0,17,29.5
tandoori chicken,13,0,0,12,27.1
"tandoori chicken, fried rice, masala dosa",6,0,0,16,31.6
pizza,14,0,0,16,22.1
fried rice,16,0,0,3,18.9
burger,5,0,0,19,25.3
"paneer butter masala, burger, veg biryani",23,0,0,8,28.0
"pizza, naan",9,0,0,2,21.3
"masala dosa, naan",12,0,0,13,31.5
"masala dosa, naan",16,0,0,1,20.0
"veg biryani, burger, chicken biryani",5,0,0,4,25.0
"chicken biryani, veg biryani, tandoori chicken",3,0,0,10,30.3
"tandoori chicken, naan, paneer butter masala",4,1,1,14,35.7
"masala dosa, naan, tandoori chicken",21,1,1,18,50.6
"masala dosa, tandoori chicken, pasta",2,0,0,17,34.5
"masala dosa, pasta",19,0,0,9,25.3
burger,18,1,0,3,18.4
"fried rice, veg biryani",22,0,1,1,29.0
"chicken biryani, pizza, veg biryani",14,0,0,8,29.6
"fried rice, naan",14,0,1,10,29.7
"pizza, paneer butter masala, naan",20,0,0,12,35.9
"tandoori chicken, burger",2,0,0,9,27.4
"fried rice, naan",9,0,0,1,23.9
"naan, paneer butter masala",3,0,0,7,21.4
chicken biryani,9,0,0,10,23.0
paneer butter masala,7,0,0,15,21.7
pizza,8,0,0,1,16.8
"masala dosa, paneer butter masala, pizza",16,1,0,10,32.6
"paneer butter masala, veg biryani",7,0,0,17,28.9
"pizza, naan, tandoori chicken",3,0,0,2,25.7
tandoori chicken,11,0,0,18,21.3
masala dosa,15,0,0,2,13.8
"chicken biryani, naan",15,0,0,13,29.1
pasta,12,0,0,3,22.5
"pizza, paneer butter masala",22,0,0,8,23.7
"naan, burger",12,1,0,4,27.7
"paneer butter masala, pizza",14,1,0,7,26.9
"fried rice, pizza",0,0,0,4,27.4
veg biryani,3,0,0,1,12.1
"chicken biryani, pizza",20,1,0,12,32.5
"paneer butter masala, pasta, tandoori chicken",11,0,0,10,29.3
chicken biryani,21,0,0,8,20.7
burger,16,0,0,4,15.4
"naan, fried rice, pizza",11,0,0,13,27.3
tandoori chicken,19,0,0,15,18.8
pizza,15,1,0,19,25.9
paneer butter masala,9,0,1,17,33.1
"masala dosa, pasta, pizza",17,1,0,3,29.4
"chicken biryani, naan, veg biryani",14,0,0,10,29.5
"masala dosa, fried rice, burger",15,0,1,4,34.1
"pizza, paneer butter masala, fried rice",21,0,0,12,35.6
"paneer butter masala, veg biryani, naan",2,0,0,17,33.3
"tandoori chicken, pasta",0,0,0,10,25.9
chicken biryani,6,0,0,9,18.8
"naan, veg biryani, chicken biryani",11,0,0,13,29.6
veg biryani,7,0,0,11,20.9
"chicken biryani, burger",12,0,0,2,23.9
pasta,4,0,0,18,20.6
chicken biryani,13,0,0,9,23.2
"chicken biryani, fried rice, pasta",11,0,0,1,25.6
tandoori chicken,16,1,0,15,26.6
masala dosa,15,1,0,1,14.4
naan,23,0,0,11,18.0
naan,0,0,0,7,15.2
"burger, naan",0,0,0,17,31.7
pizza,14,0,0,18,22.5
"pizza, veg biryani, paneer butter masala",6,0,0,8,30.0
naan,13,1,0,10,24.9
"veg biryani, pizza, naan",21,0,1,2,35.6
"masala dosa, tandoori chicken",13,0,0,7,27.2
"veg biryani, burger",10,0,0,4,18.3
"fried rice, paneer butter masala, pasta",18,0,0,4,26.3
"naan, pizza, paneer butter masala",14,0,1,7,35.2
"naan, burger",12,0,0,5,29.9
"tandoori chicken, paneer butter masala, masala dosa",23,1,0,8,29.7
naan,9,0,0,6,15.5
"pizza, tandoori chicken",15,1,0,3,22.0
"pasta, veg biryani, fried rice",7,1,0,7,32.3
"veg biryani, tandoori chicken, pizza",22,0,0,3,26.7
naan,0,0,0,7,19.7
masala dosa,23,0,0,18,22.1
"fried rice, paneer butter masala, pizza",5,0,0,8,32.5
naan,13,0,0,8,26.7
chicken biryani,15,0,0,10,19.8
"masala dosa, fried rice",12,0,0,16,32.2
fried rice,13,0,0,4,20.4
"burger, naan",15,0,0,3,22.0
"tandoori chicken, pasta",13,0,0,7,29.0
fried rice,6,0,0,18,21.9
veg biryani,17,1,0,7,23.6
chicken biryani,15,0,0,18,19.7
"veg biryani, masala dosa",16,0,1,10,31.6
paneer butter masala,8,0,0,6,16.0
"chicken biryani, pasta",5,0,0,13,23.4
naan,8,1,0,8,21.5
"chicken biryani, tandoori chicken, masala dosa",4,0,0,15,35.0
"pizza, paneer butter masala",8,0,0,18,28.0
"pizza, paneer butter masala, veg biryani",0,0,0,2,28.2
"chicken biryani, veg biryani, pasta",7,0,0,17,35.0
"veg biryani, paneer butter masala, naan",13,1,0,9,36.6
"paneer butter masala, pasta",3,0,0,6,25.4
"burger, chicken biryani, tandoori chicken",13,0,0,17,39.0
"tandoori chicken, burger, masala dosa",3,1,0,17,33.6
"chicken biryani, tandoori chicken",3,0,0,3,17.9
chicken biryani,6,0,0,2,15.7
veg biryani,14,0,0,6,18.4
naan,7,0,0,7,21.8
"fried rice, veg biryani, paneer butter masala",10,0,0,9,28.7
masala dosa,23,0,0,19,22.5
pasta,1,0,0,2,16.0
burger,3,0,0,1,17.6
paneer butter masala,8,0,0,16,23.6
"pizza, fried rice",20,0,0,2,23.9
veg biryani,21,0,0,3,23.2
paneer butter masala,22,0,0,10,18.8
"pizza, naan, fried rice",17,0,0,18,33.2
"pasta, burger",22,0,0,18,28.9
"masala dosa, veg biryani",14,0,0,6,24.5
"masala dosa, paneer butter masala, tandoori chicken",5,1,0,17,39.6
pasta,2,0,1,16,29.1
"masala dosa, pizza, tandoori chicken",9,1,0,6,31.1
"pizza, fried rice, paneer butter masala",2,0,0,11,31.9
"tandoori chicken, pasta",11,0,0,16,30.5
"paneer butter masala, tandoori chicken",15,1,1,11,37.5
naan,3,0,0,14,21.5
"masala dosa, pasta",19,0,0,12,26.6
"veg biryani, tandoori chicken",14,0,0,17,30.5
"burger, paneer butter masala",23,0,0,1,22.4
pizza,11,0,0,12,23.3
burger,16,0,0,3,16.0
"pasta, veg biryani, burger",23,0,0,11,28.3
"tandoori chicken, paneer butter masala, chicken biryani",9,0,0,8,28.9
tandoori chicken,6,0,1,4,25.8
pizza,5,0,0,3,21.6
pizza,5,0,1,7,24.7
"masala dosa, pizza, paneer butter masala",20,0,0,13,39.6
paneer butter masala,6,0,0,16,24.0
"veg biryani, paneer butter masala, pizza",4,0,0,13,31.0
"paneer butter masala, chicken biryani, burger",15,0,0,7,29.5
"paneer butter masala, pizza, veg biryani",10,0,0,10,29.3
"veg biryani, fried rice, pizza",14,1,0,7,34.3
"burger, veg biryani, pizza",2,0,0,8,29.9
"fried rice, masala dosa",2,0,0,15,26.4
"tandoori chicken, fried rice",16,1,0,16,32.9
"pizza, pasta, veg biryani",19,0,1,15,38.6
naan,16,0,0,1,18.2
"pasta, pizza, paneer butter masala",16,0,0,13,31.9
burger,15,0,0,2,16.1
"chicken biryani, paneer butter masala, burger",0,0,0,16,29.7
"paneer butter masala, chicken biryani",12,0,0,12,29.0
paneer butter masala,2,0,0,17,21.4
paneer butter masala,8,1,1,4,26.8
"veg biryani, paneer butter masala",18,0,0,15,26.1
"tandoori chicken, paneer butter masala",0,0,0,13,26.3
"tandoori chicken, pasta, masala dosa",2,0,0,7,31.9
"veg biryani, pasta",3,0,0,15,26.1
pasta,22,0,0,12,21.9
"veg biryani, pasta",14,1,0,18,33.4
"pizza, tandoori chicken, pasta",7,1,0,16,32.9
"pasta, tandoori chicken, chicken biryani",14,0,0,4,27.8
fried rice,13,0,0,17,30.2
paneer butter masala,0,0,0,17,22.7
veg biryani,1,1,0,13,22.1
"chicken biryani, burger, paneer butter masala",13,0,0,10,34.1
"fried rice, masala dosa, pasta",17,0,0,1,27.3
paneer butter masala,12,0,0,13,24.8
"paneer butter masala, burger",2,0,0,18,28.1
"naan, tandoori chicken, chicken biryani",5,0,0,2,27.8
pizza,3,0,0,1,15.9
"fried rice, tandoori chicken, paneer butter masala",18,0,0,16,30.2
"pizza, veg biryani",1,0,0,17,27.9
"pizza, masala dosa",9,0,0,11,24.2
"naan, pasta, veg biryani",20,0,0,9,34.4
"paneer butter masala, naan, burger",14,0,0,8,30.7
"pasta, pizza",12,0,0,6,26.7
"naan, tandoori chicken",10,0,0,11,28.7
"pizza, masala dosa, burger",20,0,1,13,42.7
"paneer butter masala, masala dosa",11,1,1,18,38.8
"veg biryani, burger",22,1,0,7,28.8
"fried rice, burger, naan",6,0,0,9,31.4
"paneer butter masala, pizza",7,0,0,5,21.9
chicken biryani,12,1,0,18,32.5
pizza,17,1,0,9,25.4
"naan, tandoori chicken, burger",7,1,1,11,36.8
"tandoori chicken, chicken biryani",21,0,0,2,22.7
"pasta, veg biryani",1,0,0,1,24.7
veg biryani,12,1,0,6,22.9
tandoori chicken,13,1,0,2,24.5
masala dosa,21,0,0,7,23.2
pizza,16,0,0,4,19.4
masala dosa,10,1,0,10,22.0
"naan, burger",0,0,0,10,23.5
"tandoori chicken, pizza",6,0,0,14,26.5
masala dosa,11,0,0,5,20.1
"chicken biryani, fried rice",6,0,0,19,29.3
"veg biryani, burger",3,0,1,6,31.5
"pizza, paneer butter masala, veg biryani",18,0,1,13,36.3
masala dosa,11,1,0,12,23.5
burger,3,0,0,8,22.7
"tandoori chicken, paneer butter masala, naan",16,0,0,2,28.4
"pizza, tandoori chicken",0,1,0,1,27.5
"burger, tandoori chicken",22,0,0,6,25.4
chicken biryani,9,0,0,3,14.1
pasta,12,0,0,4,22.9
"fried rice, naan, tandoori chicken",22,0,0,18,32.7
"chicken biryani, fried rice",16,1,0,1,25.4
"veg biryani, fried rice, pizza",5,0,1,15,39.9
"burger, pasta, veg biryani",0,1,0,10,33.7
"chicken biryani, masala dosa, fried rice",17,0,0,14,33.8
"burger, fried rice, chicken biryani",7,0,0,18,32.9
"fried rice, chicken biryani, burger",15,1,0,5,27.8
fried rice,2,0,0,10,20.7
"fried rice, pasta, burger",1,0,0,6,30.4
"pizza, masala dosa, pasta",9,0,0,3,25.1
"pasta, veg biryani",9,0,0,12,24.0
burger,10,0,0,17,24.5
fried rice,7,0,0,6,17.0
fried rice,11,0,0,8,13.5
"paneer butter masala, fried rice",5,0,0,7,24.6
pasta,1,0,0,7,19.4
"naan, pizza",11,0,0,4,24.0
"chicken biryani, paneer butter masala",13,0,0,6,28.6
"burger, pasta",18,0,0,16,27.2
"masala dosa, paneer butter masala, fried rice",16,0,0,1,26.3
fried rice,8,0,0,19,22.0
"masala dosa, tandoori chicken, burger",15,1,1,1,39.6
"burger, pasta",17,1,0,5,22.6
pizza,17,1,0,12,25.0
"pasta, tandoori chicken, veg biryani",6,1,1,5,36.5
veg biryani,22,0,0,1,13.9
chicken biryani,11,0,0,8,20.5
"veg biryani, pasta, pizza",9,0,0,19,36.4
paneer butter masala,22,1,0,14,29.0
tandoori chicken,3,0,0,15,22.3
"fried rice, masala dosa",5,0,0,3,20.2
"pizza, pasta",8,0,0,9,20.0
"tandoori chicken, fried rice, naan",21,0,1,4,38.0
"chicken biryani, tandoori chicken, fried rice",16,0,0,14,31.6
veg biryani,9,1,0,8,22.6
"pizza, tandoori chicken",16,0,0,6,21.7
"burger, chicken biryani",7,0,0,19,29.6
"tandoori chicken, paneer butter masala",1,0,0,13,26.7
veg biryani,12,0,0,14,26.9
"veg biryani, tandoori chicken",23,1,0,15,30.7
pizza,21,0,0,12,27.2
"naan, tandoori chicken, fried rice",20,0,0,9,36.8
pasta,14,1,0,11,24.4
"burger, chicken biryani, veg biryani",19,1,0,2,31.4
paneer butter masala,20,1,0,7,27.4
"pasta, naan, veg biryani",16,0,0,14,29.3
"paneer butter masala, pizza",21,0,0,10,29.9
"pizza, masala dosa",21,0,1,5,38.3
naan,11,1,0,15,25.0
"pizza, pasta",6,1,0,9,23.8
"pizza, pasta",16,0,0,8,24.2
pasta,23,1,0,16,26.2
"masala dosa, pasta",17,0,0,10,25.9
"pasta, burger",7,0,0,8,23.9
"veg biryani, chicken biryani",8,0,0,18,28.2
burger,23,0,0,12,21.3
"veg biryani, paneer butter masala, chicken biryani",14,0,0,1,25.5
"burger, pizza, tandoori chicken",20,0,0,5,29.7
tandoori chicken,19,1,1,18,33.2
"fried rice, tandoori chicken, masala dosa",17,0,0,9,30.2
pasta,1,1,1,19,32.9
"tandoori chicken, naan",22,0,0,19,27.2
veg biryani,10,0,0,8,18.3
"masala dosa, tandoori chicken, fried rice",13,0,0,9,37.4
fried rice,2,0,0,1,12.8
"tandoori chicken, pizza",13,1,0,3,27.7
"burger, veg biryani",4,0,0,16,28.8
"veg biryani, tandoori chicken, paneer butter masala",21,0,0,2,32.5
chicken biryani,8,0,0,6,14.2
"pizza, pasta, masala dosa",22,0,0,4,31.1
"naan, paneer butter masala, veg biryani",17,1,0,19,37.8
pizza,21,1,0,12,29.9
"chicken biryani, masala dosa",21,0,0,14,33.5
pasta,12,0,0,18,27.3
"fried rice, veg biryani, pasta",13,0,0,19,41.1
pasta,14,0,1,18,31.7
veg biryani,1,0,0,2,18.9
"tandoori chicken, pizza, masala dosa",18,0,1,13,39.2
"tandoori chicken, pasta, pizza",2,1,0,6,30.7
"pasta, veg biryani",5,0,0,11,28.0
"naan, masala dosa",10,0,0,10,22.2
burger,21,1,0,5,22.6
paneer butter masala,3,1,0,13,23.6
"chicken biryani, naan, veg biryani",2,0,0,12,30.4
"paneer butter masala, pasta, burger",13,0,0,2,30.7
"chicken biryani, burger, pizza",13,0,0,4,34.9
veg biryani,13,0,0,18,31.4
paneer butter masala,17,0,0,1,16.7
"fried rice, pizza",21,0,0,18,35.0
"pizza, paneer butter masala",12,0,0,8,32.9
tandoori chicken,12,0,0,18,27.3
"chicken biryani, tandoori chicken, fried rice",16,0,0,5,28.9
"pasta, burger",18,0,0,2,21.5
burger,14,1,0,14,23.4
"chicken biryani, masala dosa, naan",10,0,0,11,28.3
veg biryani,8,0,0,16,20.8
"masala dosa, tandoori chicken, paneer butter masala",4,1,0,6,31.8
"burger, masala dosa, chicken biryani",9,0,1,7,34.9
"pizza, burger",21,1,0,16,35.9
paneer butter masala,4,0,0,15,23.0
"masala dosa, naan, burger",5,0,0,4,27.1
"pasta, burger, chicken biryani",13,0,0,15,37.0
"veg biryani, chicken biryani",3,0,0,5,21.6
veg biryani,22,0,0,13,21.8
paneer butter masala,15,0,0,15,24.7
"burger, chicken biryani, pizza",15,0,0,5,30.6
pasta,15,0,0,13,23.4
"veg biryani, paneer butter masala, pasta",15,0,0,19,35.2
"naan, tandoori chicken",11,0,1,10,34.1
paneer butter masala,9,1,0,2,21.8
"masala dosa, chicken biryani, tandoori chicken",4,0,0,1,25.0
chicken biryani,9,0,0,5,19.1
"tandoori chicken, veg biryani, pasta",16,1,0,14,31.6
"veg biryani, pizza, paneer butter masala",17,0,0,19,36.6
"veg biryani, masala dosa",15,0,0,16,28.3
"fried rice, masala dosa, paneer butter masala",3,1,0,5,31.0
"tandoori chicken, masala dosa",15,0,0,13,27.8
"burger, tandoori chicken, paneer butter masala",16,0,0,18,34.7
paneer butter masala,6,0,0,16,26.1
paneer butter masala,9,1,0,19,27.2
"tandoori chicken, veg biryani, masala dosa",21,0,0,4,31.4
burger,21,0,0,14,25.1
fried rice,17,0,0,3,17.4
"chicken biryani, masala dosa, pizza",14,0,0,7,28.0
"chicken biryani, masala dosa",10,1,0,9,25.4
"naan, masala dosa",3,0,1,9,29.9
"pasta, tandoori chicken",0,0,0,10,28.6
"chicken biryani, pizza, pasta",7,0,0,7,29.1
"veg biryani, chicken biryani",4,0,0,10,27.2
paneer butter masala,13,1,0,18,33.5
"burger, veg biryani",19,0,0,8,22.6
"pizza, chicken biryani, fried rice",8,0,0,18,34.3
"pizza, tandoori chicken, pasta",13,0,0,13,33.2
fried rice,9,0,0,7,18.6
"fried rice, naan",17,0,0,6,24.0
chicken biryani,12,0,0,2,22.3
"pasta, burger, masala dosa",12,0,0,5,33.3
"pizza, tandoori chicken, naan",13,0,0,8,35.8
"pizza, tandoori chicken, masala dosa",14,0,0,3,25.3
"veg biryani, paneer butter masala",1,0,0,4,24.9
"fried rice, pizza",5,1,0,14,31.4
"veg biryani, masala dosa, naan",8,0,1,9,34.7
tandoori chicken,14,0,0,13,21.4
"burger, pizza",19,0,0,10,22.7
"pasta, chicken biryani, tandoori chicken",13,0,0,11,36.5
tandoori chicken,21,0,0,6,21.9
tandoori chicken,8,0,0,15,20.4
"fried rice, burger",11,0,0,17,28.8
fried rice,11,0,0,12,19.3
"fried rice, chicken biryani, veg biryani",12,1,1,3,41.7
"masala dosa, chicken biryani, pizza",16,0,0,17,30.0
pizza,4,0,0,2,17.3
naan,22,1,1,19,35.5
"veg biryani, chicken biryani, paneer butter masala",12,1,0,7,33.6
"naan, pizza",19,0,0,17,27.9
"chicken biryani, veg biryani",18,0,0,6,23.9
"pizza, tandoori chicken",3,0,0,15,28.4
"pasta, pizza, naan",18,0,0,14,33.0
pasta,18,1,0,8,24.7
"fried rice, tandoori chicken, burger",4,0,0,19,32.9
"masala dosa, burger, veg biryani",11,0,1,17,41.2
"naan, masala dosa",4,0,0,6,22.3
"veg biryani, tandoori chicken, naan",3,0,0,18,33.8
"burger, fried rice, pizza",3,0,0,4,30.2
"burger, paneer butter masala",23,0,0,17,24.3
"fried rice, tandoori chicken",3,0,0,5,21.2
"masala dosa, pasta, burger",1,0,0,1,24.0
"tandoori chicken, veg biryani",4,0,0,1,17.6
"pizza, burger",3,0,0,5,21.3
"naan, masala dosa",21,0,0,6,28.9
"tandoori chicken, masala dosa, pasta",5,0,0,4,27.2
"veg biryani, fried rice, burger",17,1,0,10,32.7
pasta,7,0,0,17,25.0
fried rice,0,1,0,18,26.1
chicken biryani,2,0,0,12,20.1
"masala dosa, pizza, burger",22,0,0,3,24.3
veg biryani,21,0,0,19,32.5
paneer butter masala,4,0,0,4,11.6
"tandoori chicken, chicken biryani",13,0,0,17,38.9
tandoori chicken,5,0,0,7,15.4
paneer butter masala,9,1,0,6,22.2
"burger, veg biryani",9,0,0,18,27.8
"pizza, chicken biryani",16,0,1,19,39.5
"tandoori chicken, paneer butter masala, burger",12,0,0,14,35.7
"pizza, pasta",22,0,0,1,24.5
masala dosa,5,0,0,18,21.9
"pizza, chicken biryani",10,0,0,14,25.7
veg biryani,5,0,0,10,25.8
"fried rice, masala dosa",19,0,0,19,29.8
"burger, pizza, chicken biryani",2,0,0,16,31.2
"paneer butter masala, naan",5,0,0,18,28.4
naan,2,0,0,15,24.5
masala dosa,10,0,0,9,20.0
"tandoori chicken, pizza, fried rice",21,0,0,8,36.1
"tandoori chicken, fried rice",21,1,0,12,32.5
"burger, pasta, masala dosa",13,0,0,19,36.3
"masala dosa, fried rice, chicken biryani",11,0,1,15,42.2
"burger, pizza, chicken biryani",6,1,0,12,35.9
pasta,12,0,0,15,29.9
"veg biryani, masala dosa, pizza",5,0,0,18,35.0
pizza,4,0,0,5,15.5
masala dosa,4,0,0,6,16.0
"burger, veg biryani, masala dosa",19,0,0,19,31.5
"chicken biryani, masala dosa",5,1,0,4,25.3
masala dosa,0,0,0,12,19.7
"chicken biryani, pizza, naan",8,0,1,10,33.6
"tandoori chicken, veg biryani",12,0,0,15,31.5
"paneer butter masala, chicken biryani, fried rice",10,0,0,3,27.5
veg biryani,8,1,0,17,28.1
"naan, burger, tandoori chicken",6,1,0,13,34.5
"naan, fried rice, tandoori chicken",22,0,0,4,28.1
"pizza, paneer butter masala, naan",3,0,0,8,27.5
naan,17,1,0,2,19.0
"veg biryani, masala dosa, tandoori chicken",23,0,1,14,38.6
"paneer butter masala, masala dosa",7,0,0,2,21.0
"naan, pasta, fried rice",0,0,0,3,27.1
"naan, fried rice",18,1,0,16,31.9
"paneer butter masala, masala dosa, veg biryani",14,1,0,3,31.8
"naan, fried rice, masala dosa",5,0,0,9,31.5
"veg biryani, pasta",11,0,0,5,23.3
"veg biryani, pizza, paneer butter masala",15,0,0,11,34.6
"burger, chicken biryani, paneer butter masala",23,0,0,18,35.9
"fried rice, burger",16,0,0,1,18.2
"chicken biryani, pasta",22,0,0,9,26.2
"naan, veg biryani",6,0,0,16,30.8
tandoori chicken,7,0,0,11,18.9
"naan, pasta",22,0,1,8,31.8
"tandoori chicken, naan",8,0,0,8,23.3
paneer butter masala,12,1,0,19,29.3
"fried rice, veg biryani",2,0,0,9,25.7
masala dosa,15,0,0,13,23.9
"masala dosa, fried rice, naan",21,0,0,8,30.7
"pasta, naan",19,0,0,17,28.9
paneer butter masala,13,1,0,2,21.4
"pasta, veg biryani, pizza",21,0,0,8,33.9
"tandoori chicken, pizza",22,0,0,15,27.6
"naan, masala dosa, paneer butter masala",14,0,0,14,32.4
"fried rice, burger, chicken biryani",10,0,0,14,31.9
paneer butter masala,11,0,0,3,15.6
"paneer butter masala, tandoori chicken, naan",0,0,0,15,28.5
paneer butter masala,2,0,0,1,17.1
veg biryani,5,1,0,1,18.1
"paneer butter masala, fried rice, chicken biryani",5,0,0,14,36.0
"masala dosa, paneer butter masala, fried rice",15,0,0,4,23.9
"burger, tandoori chicken, chicken biryani",23,0,0,7,26.6
paneer butter masala,13,0,0,18,29.2
pizza,20,0,1,8,28.3
"veg biryani, chicken biryani",10,0,1,6,33.5
"pasta, tandoori chicken",5,0,0,11,23.9
"veg biryani, naan, masala dosa",15,0,0,2,23.1
"chicken biryani, tandoori chicken",6,1,0,16,29.4
veg biryani,21,0,0,6,24.7
"veg biryani, paneer butter masala, chicken biryani",18,0,0,10,26.6
"tandoori chicken, veg biryani, chicken biryani",4,0,0,8,29.4
paneer butter masala,15,0,0,13,23.3
pizza,22,0,0,18,24.2
paneer butter masala,2,0,0,19,26.2
fried rice,21,0,0,3,22.9
"masala dosa, burger, tandoori chicken",12,0,0,12,35.0
pasta,14,0,0,13,19.3
"naan, pizza",3,0,0,17,27.2
"chicken biryani, pasta, fried rice",19,0,0,16,32.6
"pizza, burger, tandoori chicken",18,1,0,3,28.0
"masala dosa, fried rice, veg biryani",0,0,0,1,28.1
"fried rice, burger",3,0,0,19,31.6
naan,22,0,0,9,20.3
masala dosa,22,0,1,6,22.1
masala dosa,22,0,1,15,29.4
"tandoori chicken, burger, fried rice",1,0,0,8,30.1
"paneer butter masala, fried rice",10,0,0,6,19.7
"paneer butter masala, chicken biryani, fried rice",9,0,0,9,28.9
"veg biryani, pizza, pasta",5,0,0,4,24.2
chicken biryani,12,1,1,9,34.0
"naan, tandoori chicken, burger",21,0,0,5,32.5
"tandoori chicken, chicken biryani, naan",11,0,0,16,32.3
fried rice,20,0,0,11,24.3
"masala dosa, fried rice, pizza",1,0,0,12,30.8
"veg biryani, naan",0,0,0,4,21.1
naan,15,0,1,19,31.9
chicken biryani,18,1,0,18,24.3
fried rice,12,0,0,3,22.3
"pizza, masala dosa",2,0,0,6,19.1
burger,8,0,0,5,18.7
paneer butter masala,21,0,0,15,28.7
"chicken biryani, tandoori chicken",6,0,0,18,27.9
naan,7,0,1,16,30.4
chicken biryani,1,0,0,6,20.5
"pizza, paneer butter masala",21,0,0,4,27.3
"chicken biryani, burger, naan",20,0,0,4,32.8
"burger, naan, pizza",16,0,0,1,23.8
"masala dosa, paneer butter masala",6,0,0,2,20.7
"pizza, fried rice, naan",16,0,0,10,27.9
paneer butter masala,17,0,0,4,18.5
"tandoori chicken, fried rice, masala dosa",6,0,0,8,25.3
"tandoori chicken, pasta",6,1,0,7,25.9
"fried rice, chicken biryani, paneer butter masala",5,0,0,13,31.7
veg biryani,5,1,0,10,20.9
chicken biryani,13,0,0,9,22.9
paneer butter masala,4,0,0,3,12.9
"tandoori chicken, paneer butter masala, naan",10,0,0,14,33.0
"pasta, chicken biryani",3,1,0,17,30.7
"veg biryani, paneer butter masala, naan",1,0,0,18,35.4
"paneer butter masala, burger, fried rice",6,0,0,13,34.0
"burger, masala dosa",16,0,0,4,23.6
"naan, veg biryani",15,0,0,17,33.1
veg biryani,22,1,1,5,24.6
"pizza, masala dosa, pasta",21,0,0,10,35.0
"naan, masala dosa",10,0,0,16,26.3
chicken biryani,23,0,0,2,15.6
"naan, pasta",21,0,0,13,30.5
masala dosa,13,0,0,17,27.3
"chicken biryani, fried rice",22,0,1,15,34.4
"tandoori chicken, pizza",14,0,0,1,18.8
burger,0,0,0,12,18.5
"tandoori chicken, pasta",15,0,1,14,35.4
"pizza, paneer butter masala",7,0,0,5,24.5
"masala dosa, fried rice",21,1,0,15,37.5
"tandoori chicken, naan, pizza",23,0,0,18,32.1
veg biryani,3,0,0,2,17.3
"chicken biryani, masala dosa, veg biryani",19,0,0,15,30.5
"chicken biryani, masala dosa",7,0,0,14,26.8
"burger, masala dosa, naan",22,0,0,9,30.1
"veg biryani, pizza, burger",16,0,0,5,27.9
burger,2,0,0,18,24.6
"chicken biryani, pasta",18,0,0,12,26.9
"pizza, paneer butter masala, fried rice",18,1,0,15,38.2
"veg biryani, fried rice, pizza",20,0,0,11,34.5
pasta,3,0,0,17,21.3
"pasta, burger",9,0,0,4,21.3
"chicken biryani, veg biryani, burger",10,0,0,7,25.4
tandoori chicken,20,0,0,4,19.4
burger,0,0,0,19,25.1
"masala dosa, burger",17,0,0,16,27.5
"tandoori chicken, fried rice",20,0,0,19,33.9
"chicken biryani, veg biryani",2,1,0,18,31.2
fried rice,19,0,0,12,17.7
"chicken biryani, fried rice, pizza",15,0,0,15,30.6
"tandoori chicken, veg biryani",1,0,0,4,23.5
"veg biryani, pasta",3,0,0,2,23.8
pasta,15,0,0,18,24.5
paneer butter masala,11,1,0,2,19.3
chicken biryani,9,0,0,4,17.9
"chicken biryani, fried rice, naan",0,0,0,12,31.0
"burger, pasta",19,0,1,7,30.8
"naan, chicken biryani, paneer butter masala",19,0,0,11,31.5
"naan, chicken biryani",12,0,0,18,34.9
naan,14,0,1,11,26.1
"veg biryani, chicken biryani, pasta",2,1,0,2,29.8
paneer butter masala,13,0,0,18,30.0
"veg biryani, naan",7,0,0,13,27.1
"masala dosa, pasta, chicken biryani",7,0,0,10,29.6
"masala dosa, tandoori chicken, chicken biryani",20,0,0,11,34.4
"naan, pasta",6,1,1,7,34.7
pasta,15,1,0,19,27.4
"paneer butter masala, pasta, tandoori chicken",20,0,0,16,41.0
"tandoori chicken, masala dosa, veg biryani",20,0,0,6,33.4
pizza,5,0,0,15,25.4
"veg biryani, naan, paneer butter masala",7,1,0,2,28.2
veg biryani,1,1,0,6,20.1
veg biryani,9,1,0,9,19.5
"pasta, veg biryani",4,0,0,3,21.2
"naan, pizza",22,0,0,15,24.7
"fried rice, masala dosa",20,1,0,2,30.4
"chicken biryani, pizza, fried rice",18,0,0,18,33.3
paneer butter masala,0,0,0,12,18.3
masala dosa,10,0,0,10,18.6
"masala dosa, paneer butter masala",14,1,0,7,27.8
"burger, naan, fried rice",16,0,0,12,33.1
"burger, chicken biryani, masala dosa",0,1,0,3,29.7
pasta,17,0,0,11,22.3
"chicken biryani, paneer butter masala",11,0,0,13,30.9
"naan, fried rice",22,0,0,2,20.3
"tandoori chicken, naan, paneer butter masala",19,0,0,17,32.4
burger,16,0,0,13,25.3
veg biryani,6,0,0,16,24.7
"veg biryani, burger, masala dosa",23,0,0,4,26.1
pizza,9,0,0,12,17.5
"pizza, paneer butter masala",12,1,0,14,34.1
"chicken biryani, pizza, veg biryani",2,1,1,14,37.9
"fried rice, pizza, naan",4,1,0,2,30.9
"fried rice, burger",12,1,0,19,33.7
"tandoori chicken, fried rice, paneer butter masala",19,0,0,16,33.6
"naan, fried rice, veg biryani",19,0,0,1,26.4
naan,5,0,1,17,28.3
"pizza, fried rice, masala dosa",10,0,0,15,32.7
"pizza, chicken biryani, tandoori chicken",18,0,0,8,29.4
burger,15,0,0,9,21.0
tandoori chicken,8,0,0,13,21.5
"fried rice, burger",9,0,0,8,24.3
burger,5,1,0,17,26.3
masala dosa,5,0,0,4,15.9
"burger, chicken biryani, veg biryani",5,0,0,19,33.3
"veg biryani, masala dosa, pizza",8,0,0,10,29.3
"pizza, chicken biryani",7,1,0,5,26.2
"naan, paneer butter masala, tandoori chicken",20,0,1,7,42.8
naan,20,0,0,16,29.8
paneer butter masala,11,0,0,11,21.1
pizza,5,0,0,16,20.4
"burger, fried rice, masala dosa",6,0,0,1,24.1
"masala dosa, fried rice",15,1,0,6,25.9
chicken biryani,1,1,0,5,18.9
"chicken biryani, naan, paneer butter masala",5,0,0,3,29.6
fried rice,6,1,0,18,25.5
fried rice,11,0,0,3,15.9
masala dosa,19,1,0,18,25.1
pizza,5,0,0,5,15.7
"pizza, chicken biryani, burger",0,1,0,17,34.8
pizza,10,0,0,16,21.3
paneer butter masala,16,0,0,14,22.1
"pizza, burger, tandoori chicken",19,1,0,15,36.1
"chicken biryani, naan, masala dosa",22,0,0,14,30.8
"chicken biryani, pasta, veg biryani",13,0,0,16,34.5
"veg biryani, pizza",12,0,0,9,26.5
pizza,1,0,0,13,22.6
tandoori chicken,10,1,0,4,23.1
masala dosa,15,0,0,14,18.8
"paneer butter masala, burger, pasta",18,0,0,4,25.0
"pizza, paneer butter masala",17,0,1,17,34.9
"chicken biryani, masala dosa",1,0,0,19,28.9
"masala dosa, burger, pizza",11,0,0,8,28.9
"masala dosa, pizza",1,0,0,15,28.0
"tandoori chicken, chicken biryani",6,1,0,9,25.4
fried rice,23,1,0,3,25.2
fried rice,1,1,0,10,28.0
"tandoori chicken, veg biryani, pizza",2,1,0,13,33.8
"burger, veg biryani",9,1,0,13,29.5
"pasta, pizza",11,0,0,1,21.3
tandoori chicken,9,0,0,11,24.7
pasta,14,0,0,3,10.6
"burger, veg biryani",3,0,0,5,20.0
masala dosa,10,0,0,17,25.7
"pasta, paneer butter masala, masala dosa",10,1,0,16,37.5
"veg biryani, pizza, burger",18,1,0,3,27.6
"naan, chicken biryani, pizza",19,1,0,12,34.5
"naan, pasta, burger",8,0,0,8,33.0
veg biryani,18,0,0,1,21.0
"pasta, tandoori chicken, burger",16,1,0,17,39.8
masala dosa,10,1,0,16,25.6
burger,1,0,0,2,14.8
"pasta, naan, tandoori chicken",22,0,0,16,32.2
"paneer butter masala, tandoori chicken, pasta",9,0,0,6,28.1
"tandoori chicken, paneer butter masala, burger",21,0,0,9,34.3
"fried rice, paneer butter masala",18,0,0,11,22.6
"veg biryani, burger",15,1,0,5,27.1
"masala dosa, pasta, chicken biryani",14,0,0,13,34.0
"pizza, chicken biryani, tandoori chicken",2,0,1,18,42.6
"pasta, burger, masala dosa",15,0,0,11,29.5
"masala dosa, tandoori chicken",20,0,0,8,29.5
"veg biryani, burger, pasta",9,0,0,9,26.8
"tandoori chicken, naan",17,0,0,8,26.6
"fried rice, paneer butter masala, chicken biryani",9,0,0,10,30.2
"veg biryani, paneer butter masala, pizza",18,0,0,2,29.2
"pasta, fried rice",23,0,0,19,30.3
"fried rice, pasta",19,0,0,10,22.5
"pasta, pizza, tandoori chicken",12,0,0,8,32.7
"pizza, paneer butter masala",19,0,0,6,22.3
"chicken biryani, burger",7,0,0,3,23.1
"chicken biryani, paneer butter masala, burger",22,0,0,12,30.7
"veg biryani, pasta",7,1,0,3,24.1
"masala dosa, pizza, chicken biryani",10,0,1,13,42.8
"masala dosa, naan, pizza",6,0,1,13,38.1
masala dosa,18,0,0,9,20.2
"burger, naan",3,0,0,2,19.9
"burger, veg biryani",1,0,0,10,26.6
"burger, tandoori chicken, pizza",18,0,0,3,26.0
pizza,9,0,0,16,28.0
burger,15,0,0,5,18.8
"veg biryani, naan",17,0,0,9,19.5
"tandoori chicken, burger, fried rice",11,0,0,13,32.1
paneer butter masala,21,0,0,5,20.8
"naan, burger",10,0,0,7,24.6
"naan, pizza",16,0,0,17,27.6
"fried rice, naan",9,0,0,18,28.8
"fried rice, chicken biryani",0,0,0,18,30.9
"masala dosa, pasta, naan",4,1,0,1,29.0
fried rice,22,0,0,18,21.1
masala dosa,9,1,0,9,21.8
"pasta, naan",16,0,0,15,26.0
"veg biryani, tandoori chicken, chicken biryani",14,1,0,12,37.3
"naan, masala dosa",1,0,0,1,19.9
"tandoori chicken, chicken biryani",2,0,0,17,29.4
"chicken biryani, burger",3,0,0,12,25.8
"pizza, chicken biryani",14,0,1,9,32.1
"chicken biryani, tandoori chicken",9,0,0,16,29.2
"chicken biryani, burger",7,0,0,5,24.3
"pasta, masala dosa, paneer butter masala",11,0,0,11,27.8
"naan, pizza",13,0,0,6,26.1
"tandoori chicken, burger, paneer butter masala",20,0,0,6,30.6
"tandoori chicken, veg biryani, burger",8,0,0,16,34.9
pizza,0,0,1,7,19.7
fried rice,7,0,0,5,20.8
"tandoori chicken, veg biryani",12,0,0,17,33.4
"masala dosa, paneer butter masala",13,0,0,16,32.1
"veg biryani, burger, masala dosa",13,0,0,4,30.7
"burger, naan",21,0,0,9,34.0
"chicken biryani, paneer butter masala",17,0,0,9,24.9
"veg biryani, burger",9,1,0,19,30.1
"paneer butter masala, chicken biryani",18,0,0,19,28.9
paneer butter masala,12,1,0,19,34.6
"paneer butter masala, tandoori chicken",11,0,0,18,31.4
"chicken biryani, veg biryani, paneer butter masala",10,0,0,11,29.6
"naan, chicken biryani, tandoori chicken",7,0,0,7,27.8
"veg biryani, fried rice, tandoori chicken",21,0,0,11,35.4
masala dosa,21,0,0,4,22.3
"paneer butter masala, masala dosa",12,0,1,13,38.5
"paneer butter masala, pizza",14,0,0,11,23.3
"naan, tandoori chicken, paneer butter masala",10,0,0,14,32.5
fried rice,19,0,0,12,17.9
"masala dosa, chicken biryani",23,0,0,14,25.8
"naan, fried rice, veg biryani",0,1,1,18,48.2
"burger, pizza",17,1,0,12,29.1
"naan, veg biryani, burger",23,0,0,11,32.4
"naan, burger",10,0,0,17,29.0
pasta,0,0,0,6,20.0
"fried rice, chicken biryani, pizza",11,0,0,5,27.7
fried rice,11,0,0,15,19.0
"fried rice, pasta",22,1,0,9,26.8
"tandoori chicken, burger",20,0,0,7,29.0
"pasta, paneer butter masala",5,0,0,3,21.4
"masala dosa, paneer butter masala, pizza",17,1,0,8,34.3
"naan, paneer butter masala",2,0,0,10,27.5
fried rice,22,0,0,16,22.5
"naan, veg biryani",1,0,0,7,23.5
"tandoori chicken, paneer butter masala, chicken biryani",4,0,0,7,24.6
burger,8,0,0,14,21.9
"burger, pizza",20,0,0,4,24.3
"masala dosa, pasta, burger",3,1,0,9,31.3
"tandoori chicken, pizza, paneer butter masala",5,0,0,17,37.4
masala dosa,7,1,0,3,17.2
pasta,9,0,0,1,14.6
"veg biryani, chicken biryani, pasta",5,0,0,19,33.2
veg biryani,15,0,0,13,22.0
pasta,5,1,0,10,23.7
naan,9,1,0,18,28.5
"veg biryani, fried rice, chicken biryani",19,0,0,11,31.3
"pasta, tandoori chicken",12,0,0,13,31.9
fried rice,17,0,0,2,18.1
"naan, fried rice, paneer butter masala",20,1,0,13,38.7
"veg biryani, paneer butter masala, naan",14,0,0,18,32.4
"masala dosa, burger",19,1,0,1,21.4
pasta,20,0,0,15,25.5
"naan, masala dosa",13,0,1,1,31.4
pasta,11,0,0,18,21.4
pasta,9,0,0,7,17.9
"paneer butter masala, masala dosa, burger",15,0,0,19,34.2
"tandoori chicken, paneer butter masala, pizza",2,1,0,19,35.8
"chicken biryani, paneer butter masala",16,1,0,16,32.4
chicken biryani,5,0,0,3,16.6
chicken biryani,10,0,0,5,19.5
"naan, pasta",17,0,1,13,35.1
"tandoori chicken, burger",11,1,0,5,22.2
"paneer butter masala, pasta, naan",15,0,0,9,30.9
"pizza, veg biryani, paneer butter masala",8,1,1,9,41.2
"masala dosa, pizza, fried rice",19,1,0,7,33.0
pizza,14,0,0,12,20.8
paneer butter masala,0,0,0,11,19.5
"paneer butter masala, pizza",17,0,0,7,23.0
"tandoori chicken, naan, pasta",8,0,0,16,35.7
"paneer butter masala, pasta",6,0,0,13,27.2
"tandoori chicken, burger, chicken biryani",5,0,1,14,39.2
"fried rice, paneer butter masala, masala dosa",1,0,0,12,29.3
"paneer butter masala, masala dosa, pizza",12,1,0,12,39.2
pasta,19,0,0,9,22.2
"veg biryani, masala dosa",23,0,0,4,20.2
"pasta, burger, naan",19,0,0,10,27.8
"tandoori chicken, masala dosa",12,1,0,7,28.1
"chicken biryani, pizza",15,0,0,17,28.3
pasta,18,1,0,2,16.4
"naan, fried rice",10,0,0,18,27.5
burger,9,0,1,5,26.1
"fried rice, masala dosa, tandoori chicken",17,0,1,11,36.8
"veg biryani, paneer butter masala",22,0,0,3,21.8
"burger, pizza, veg biryani",11,0,1,15,39.0
"burger, pasta",15,1,0,18,29.9
"masala dosa, fried rice, tandoori chicken",9,0,0,5,26.5
"pasta, masala dosa",20,1,0,8,31.8
chicken biryani,13,0,0,6,21.5
"paneer butter masala, fried rice, burger",16,0,0,16,36.0
"burger, pizza, chicken biryani",21,0,0,18,38.0
"burger, tandoori chicken, fried rice",18,0,0,7,28.6
tandoori chicken,17,0,1,15,29.0
tandoori chicken,14,0,0,1,14.8
"pasta, tandoori chicken",7,0,1,5,27.6
naan,4,0,0,3,13.5
tandoori chicken,1,0,0,11,19.6
"masala dosa, naan",11,0,0,1,23.9
masala dosa,7,0,0,9,20.6
"veg biryani, chicken biryani, fried rice",5,0,0,7,27.8
"naan, veg biryani",3,0,0,6,23.6
"pasta, masala dosa",23,0,0,8,19.9
veg biryani,16,0,0,1,15.6
"tandoori chicken, fried rice, veg biryani",3,1,0,12,34.4
veg biryani,4,0,0,6,16.1
"pasta, tandoori chicken",0,1,0,9,22.9
"pasta, tandoori chicken",3,0,0,18,28.1
paneer butter masala,16,0,1,4,26.8
chicken biryani,4,0,0,8,18.3
"fried rice, paneer butter masala",6,0,0,14,26.3
burger,3,0,0,4,17.7
paneer butter masala,15,0,0,13,19.0
tandoori chicken,13,1,0,11,31.0
"paneer butter masala, pasta, tandoori chicken",19,1,1,8,38.9
"fried rice, tandoori chicken, masala dosa",19,0,0,16,33.8
burger,12,0,1,7,25.1
"paneer butter masala, burger, veg biryani",19,0,0,14,34.5
"fried rice, pasta",13,0,0,15,32.4
"naan, pizza, fried rice",15,0,0,8,28.4
burger,8,0,0,13,22.8
"chicken biryani, pasta",20,1,0,1,28.8
"veg biryani, pasta, burger",0,0,0,15,31.7
"tandoori chicken, chicken biryani",20,0,0,12,29.8
naan,16,0,0,14,20.4
paneer butter masala,10,0,0,2,17.8
tandoori chicken,19,1,0,7,20.9
"naan, burger, chicken biryani",18,0,0,5,27.9
"pizza, burger",8,0,0,8,21.0
naan,10,0,0,11,18.4
"pasta, burger, naan",3,1,0,1,29.9
"masala dosa, veg biryani, chicken biryani",1,1,0,6,28.6
"pizza, burger",4,0,1,19,35.8
"naan, chicken biryani",10,0,0,4,20.6
paneer butter masala,12,1,0,15,30.9
burger,12,0,0,7,22.5
"veg biryani, tandoori chicken",2,0,0,10,24.8
"fried rice, masala dosa",19,0,0,11,25.8
"paneer butter masala, chicken biryani",7,0,1,14,33.3
pizza,5,0,0,3,17.5
"paneer butter masala, veg biryani, fried rice",22,0,0,7,30.9
"pizza, paneer butter masala, masala dosa",18,0,0,12,31.0
"pizza, burger, veg biryani",16,0,1,1,31.9
tandoori chicken,14,0,0,11,19.3
pizza,5,0,0,2,15.8
"pasta, fried rice",5,1,0,17,33.8
"veg biryani, pasta, burger",17,0,0,16,29.8
"naan, pizza, fried rice",13,0,0,14,41.8
"pizza, pasta, veg biryani",10,0,1,9,39.5
"masala dosa, pizza",4,0,0,14,27.2
"pizza, tandoori chicken",9,0,0,18,31.8
"tandoori chicken, pizza",11,1,0,10,26.1
"paneer butter masala, masala dosa",10,0,0,19,29.1
veg biryani,13,0,1,19,36.0
pizza,1,1,0,4,14.8
"tandoori chicken, fried rice, veg biryani",9,0,0,16,33.0
chicken biryani,5,0,0,5,20.7
pizza,14,1,0,14,24.8
masala dosa,14,0,0,14,24.2
"tandoori chicken, masala dosa, burger",16,1,0,17,38.8
"pasta, masala dosa",16,1,1,1,30.4
"burger, naan, paneer butter masala",20,0,0,2,32.5
"masala dosa, paneer butter masala, chicken biryani",14,0,0,5,29.2
"naan, paneer butter masala, pizza",2,0,0,11,27.5
"pizza, veg biryani, burger",19,1,0,5,31.0
"paneer butter masala, tandoori chicken, masala dosa",10,1,1,16,40.0
"masala dosa, pasta, fried rice",20,0,0,13,37.2
"tandoori chicken, pizza",2,0,0,14,26.4
pasta,6,0,0,4,18.1
"masala dosa, pizza",19,0,0,16,29.1
"naan, masala dosa",9,0,0,9,25.5
naan,4,1,0,2,16.6
"pasta, paneer butter masala, burger",17,0,0,11,32.3
"chicken biryani, veg biryani, tandoori chicken",0,1,0,2,26.7
tandoori chicken,10,0,0,16,21.6
"naan, veg biryani, masala dosa",15,0,0,13,29.4
burger,0,0,0,19,23.1
"paneer butter masala, fried rice, burger",19,0,0,8,31.3
"burger, tandoori chicken",0,0,0,9,24.3
tandoori chicken,1,1,0,8,20.0
burger,14,0,0,12,21.4
"tandoori chicken, chicken biryani",6,1,0,19,29.2
"tandoori chicken, veg biryani",1,0,0,8,24.4
burger,21,0,0,10,24.0
veg biryani,15,0,0,15,23.6
burger,2,0,0,12,20.3
"tandoori chicken, masala dosa, pasta",19,0,0,19,38.4
"veg biryani, pizza",8,0,0,2,18.9
veg biryani,17,0,0,11,20.0
"veg biryani, tandoori chicken",19,0,0,2,21.8
masala dosa,6,0,0,15,16.4
"tandoori chicken, burger, masala dosa",23,0,1,2,31.6
"veg biryani, fried rice, masala dosa",6,0,0,13,33.1
fried rice,23,0,0,5,16.9
"paneer butter masala, pizza, fried rice",16,0,0,16,33.1
pizza,0,0,0,14,23.4
"paneer butter masala, naan, pizza",16,0,1,4,33.6
veg biryani,12,1,0,4,22.1
"chicken biryani, paneer butter masala",6,0,0,1,20.4
"pizza, pasta, tandoori chicken",0,0,0,7,29.7
"veg biryani, chicken biryani, masala dosa",12,0,0,6,29.5
"pasta, veg biryani, naan",18,0,0,19,35.6
"paneer butter masala, pasta, veg biryani",22,0,0,15,34.5
"pizza, chicken biryani",19,1,0,5,24.8
tandoori chicken,20,0,0,1,23.4
"tandoori chicken, pasta, chicken biryani",2,1,0,8,35.3
chicken biryani,9,0,0,15,26.9
"burger, veg biryani, pizza",3,0,0,11,32.9
"pizza, burger, fried rice",23,0,0,7,28.8
"naan, pizza",23,0,0,3,18.5
"veg biryani, burger, tandoori chicken",23,0,0,6,28.9
burger,20,0,0,2,21.0
chicken biryani,19,0,0,4,13.7
"pizza, paneer butter masala, fried rice",1,0,0,3,28.2
naan,4,1,0,19,25.1
"masala dosa, tandoori chicken",22,0,1,15,38.3
veg biryani,8,0,0,15,22.7
"tandoori chicken, pasta, veg biryani",0,0,0,2,25.4
masala dosa,9,1,0,4,20.4
paneer butter masala,13,0,0,9,27.9
"paneer butter masala, veg biryani",1,0,0,1,18.7
veg biryani,13,1,0,7,26.0
"veg biryani, paneer butter masala",20,0,0,17,35.6
"chicken biryani, fried rice",1,0,0,3,19.3
"masala dosa, fried rice, burger",15,0,0,6,28.5
"tandoori chicken, masala dosa",4,1,0,19,32.4
"paneer butter masala, pizza, burger",18,0,0,3,28.5
"chicken biryani, naan",16,1,0,1,22.9
"pasta, pizza, chicken biryani",23,0,0,13,29.9
"tandoori chicken, naan, masala dosa",1,0,0,1,26.6
"veg biryani, chicken biryani",15,0,1,14,31.3
masala dosa,18,0,0,18,23.6
"tandoori chicken, masala dosa, paneer butter masala",14,0,0,16,31.6
chicken biryani,0,1,0,4,19.3
"paneer butter masala, burger",10,0,0,3,22.1
masala dosa,7,0,0,15,22.8
"veg biryani, naan, pizza",16,0,1,13,38.8
"pasta, chicken biryani",22,0,0,13,26.8
masala dosa,1,0,0,17,20.4
"fried rice, tandoori chicken, pasta",20,0,0,2,25.1
"paneer butter masala, naan, burger",22,0,1,5,31.6
veg biryani,8,1,0,13,22.7
"tandoori chicken, paneer butter masala, pasta",20,0,0,17,38.1
"veg biryani, masala dosa, paneer butter masala",6,0,1,7,34.7
"pasta, veg biryani, paneer butter masala",7,0,1,14,40.8
"masala dosa, burger",13,1,0,7,29.6
"fried rice, masala dosa",22,1,0,12,27.1
"naan, pizza, burger",17,0,1,16,42.0
"chicken biryani, naan, paneer butter masala",7,1,0,6,32.6
masala dosa,18,0,0,19,28.5
"pasta, masala dosa",12,0,0,13,31.6
"masala dosa, tandoori chicken, fried rice",18,0,0,13,29.9
"pasta, burger",6,0,0,19,28.8
"pizza, fried rice, burger",4,0,0,6,30.8
tandoori chicken,15,1,1,16,32.8
tandoori chicken,12,0,0,4,19.5
pizza,0,0,0,9,19.9
"tandoori chicken, pizza, burger",5,0,0,18,34.5
naan,19,1,0,11,20.6
"naan, chicken biryani, masala dosa",4,0,0,3,26.9
paneer butter masala,11,0,0,7,15.7
tandoori chicken,10,0,0,4,19.6
"masala dosa, pizza, veg biryani",1,0,0,12,30.1
"masala dosa, chicken biryani, pizza",15,1,0,11,32.8
"veg biryani, fried rice, pizza",4,1,0,10,34.3
"naan, pizza, masala dosa",8,0,0,12,33.1
"pizza, paneer butter masala, burger",14,1,0,19,36.6
pizza,4,1,1,3,28.8
"chicken biryani, naan",23,0,0,13,22.7
burger,19,0,0,1,16.5
"veg biryani, fried rice, pasta",17,0,0,15,31.5
"chicken biryani, tandoori chicken, naan",15,0,0,13,32.9
"veg biryani, burger",2,1,0,18,34.6
"fried rice, paneer butter masala, pizza",15,1,0,15,39.8
"paneer butter masala, burger",15,1,1,12,36.0
"tandoori chicken, naan",1,0,0,11,25.3
"pizza, veg biryani",0,0,0,15,27.3
"naan, pizza, fried rice",5,1,0,6,28.9
"pizza, paneer butter masala",6,0,0,2,21.7
pizza,0,1,1,11,28.8
"tandoori chicken, naan, masala dosa",6,0,0,9,29.7
"pasta, pizza",5,0,0,4,23.6
"tandoori chicken, pizza, chicken biryani",14,0,1,15,37.4
"naan, chicken biryani",19,0,1,16,30.9
"pizza, pasta, veg biryani",12,0,0,16,39.3
"veg biryani, chicken biryani, pasta",10,1,0,15,32.0
tandoori chicken,13,0,0,1,21.1
"paneer butter masala, tandoori chicken",6,0,0,7,21.2
veg biryani,8,0,0,17,26.4
fried rice,20,0,0,12,26.0
"fried rice, burger, masala dosa",16,0,1,1,33.4
"fried rice, tandoori chicken, veg biryani",17,1,0,2,28.5
naan,7,0,0,6,14.5
pizza,15,0,0,10,21.6
"fried rice, paneer butter masala",20,0,0,19,35.5
fried rice,10,0,0,10,24.4
veg biryani,9,1,0,6,20.7
naan,0,0,0,10,26.1
tandoori chicken,20,0,0,1,22.9
"pasta, masala dosa, burger",10,1,0,2,27.2
"pizza, burger, chicken biryani",17,0,0,3,27.9
"burger, masala dosa, pasta",15,0,0,15,33.4
"naan, pizza",20,0,0,18,36.0
fried rice,2,1,0,9,23.4
burger,3,0,0,6,18.4
"pasta, masala dosa, burger",1,0,0,12,30.8
"veg biryani, fried rice, tandoori chicken",12,0,0,8,33.3
"masala dosa, pizza",13,1,1,13,40.4
"naan, tandoori chicken",10,0,0,3,18.7
"chicken biryani, pizza, pasta",4,0,0,10,27.6
pasta,20,0,0,11,26.9
"fried rice, pasta",17,0,0,7,22.8
"veg biryani, burger, pizza",20,0,0,15,37.6
paneer butter masala,2,0,0,18,26.3
"chicken biryani, veg biryani, tandoori chicken",21,0,0,7,32.3
"pizza, fried rice",9,1,0,12,29.4
"fried rice, pasta, tandoori chicken",9,1,0,17,35.3
"pasta, paneer butter masala, naan",17,1,0,9,31.9
veg biryani,15,0,0,19,26.5
burger,23,0,0,14,22.1
tandoori chicken,2,0,0,9,17.0
"burger, pasta, chicken biryani",8,0,1,3,29.5
"pizza, paneer butter masala, pasta",10,0,0,17,31.8
masala dosa,5,0,0,7,20.7
veg biryani,18,0,0,4,16.9
chicken biryani,2,0,0,8,16.1
"masala dosa, fried rice",22,1,0,18,30.2
"burger, veg biryani, pizza",16,0,1,5,33.2
"burger, veg biryani, chicken biryani",15,0,0,6,28.3
"veg biryani, pizza, fried rice",19,0,1,9,34.7
"paneer butter masala, pasta",11,0,0,2,21.0
fried rice,19,0,0,18,26.6
"pizza, masala dosa",2,0,0,12,23.8
pasta,15,0,0,15,21.8
"naan, masala dosa",13,0,0,17,33.4
pizza,14,0,0,3,16.9
pizza,18,1,0,17,27.5
"paneer butter masala, chicken biryani",7,0,0,15,27.0
"naan, veg biryani",9,0,0,15,31.0
"tandoori chicken, masala dosa",8,0,0,9,25.7
"fried rice, paneer butter masala",10,0,1,17,37.3
"chicken biryani, tandoori chicken",9,0,0,15,30.6
"pizza, burger, pasta",7,0,0,9,35.4
"pizza, masala dosa",11,0,0,16,29.9
"tandoori chicken, masala dosa, paneer butter masala",7,0,0,14,29.4
pizza,9,0,0,3,17.6
"chicken biryani, masala dosa, naan",14,0,0,16,32.7
"chicken biryani, tandoori chicken, burger",9,1,0,13,37.4
"pizza, burger",17,0,0,7,22.7
burger,4,1,0,6,18.3
"masala dosa, tandoori chicken, chicken biryani",0,1,0,10,33.0
"naan, pasta",2,0,0,14,29.1
"veg biryani, fried rice, naan",19,0,0,3,26.2
"tandoori chicken, chicken biryani, paneer butter masala",22,0,1,12,42.1
"naan, paneer butter masala, veg biryani",14,0,0,10,29.1
"masala dosa, naan",22,1,0,10,26.0
"tandoori chicken, fried rice, veg biryani",8,0,0,4,27.3
masala dosa,18,0,0,2,19.1
"pasta, burger, pizza",1,0,0,16,34.6
"paneer butter masala, pizza, veg biryani",12,0,0,2,29.4
fried rice,9,0,1,10,28.3
"fried rice, masala dosa, burger",7,0,0,18,35.3
masala dosa,8,0,0,7,17.2
fried rice,3,1,0,18,27.1
"burger, chicken biryani",22,0,0,10,25.8
"pizza, naan",1,0,0,4,22.0
"tandoori chicken, burger",3,1,0,13,31.1
"masala dosa, burger, naan",8,0,0,6,27.7
"naan, veg biryani",17,0,1,5,27.6
"paneer butter masala, fried rice",2,0,0,4,19.9
"masala dosa, paneer butter masala, burger",19,0,0,16,33.8
"pizza, tandoori chicken, veg biryani",13,0,0,17,37.5
"pizza, chicken biryani",15,0,0,5,23.5
naan,16,0,0,11,18.7
"chicken biryani, veg biryani, pasta",10,0,1,1,34.2
pasta,15,0,0,3,19.6
"pasta, chicken biryani",7,0,0,16,29.4
"pizza, tandoori chicken, fried rice",0,0,0,10,33.1
"masala dosa, fried rice, burger",7,0,0,9,31.4
"masala dosa, veg biryani",16,0,1,8,32.6
"chicken biryani, tandoori chicken, burger",0,0,0,19,34.8
veg biryani,22,0,0,6,19.5
"tandoori chicken, burger",20,1,0,9,33.8
paneer butter masala,14,0,0,17,24.2
veg biryani,3,0,0,16,26.9
paneer butter masala,17,1,0,9,26.4
pasta,19,0,1,16,30.0
veg biryani,16,0,0,1,16.9
pizza,21,0,0,14,26.9
veg biryani,8,0,0,17,22.1
"burger, pasta",18,0,0,19,32.1
"chicken biryani, pizza",11,0,0,11,25.4
"paneer butter masala, fried rice, tandoori chicken",6,0,0,8,27.7
"paneer butter masala, burger",1,0,0,14,26.6
burger,20,0,0,13,27.9
"naan, veg biryani",14,0,0,13,24.4
"veg biryani, pizza",13,0,0,15,31.5
"pasta, pizza",8,0,0,9,24.4
"pizza, chicken biryani",21,1,0,3,28.4
veg biryani,17,1,0,4,17.6
"burger, fried rice, masala dosa",2,0,0,17,35.2
veg biryani,9,0,0,16,24.2
"pasta, chicken biryani",2,0,0,5,23.1
naan,11,0,0,15,22.0
masala dosa,7,0,0,7,19.9
"fried rice, paneer butter masala",11,0,1,18,36.6
"masala dosa, pasta",12,0,0,9,27.8
"fried rice, chicken biryani",13,0,0,3,23.7
"veg biryani, paneer butter masala",12,1,0,3,29.1
"veg biryani, fried rice",9,0,0,19,31.0
"veg biryani, masala dosa",12,0,0,6,25.5
"veg biryani, pizza",12,0,0,12,32.5
"burger, naan",17,0,0,16,24.6
tandoori chicken,11,0,0,18,25.5
"burger, fried rice, tandoori chicken",0,0,0,2,25.6
"naan, pizza",23,0,0,5,23.5
"naan, paneer butter masala, pizza",9,0,0,6,29.0
"pizza, naan",16,0,0,10,21.7
"pizza, veg biryani, paneer butter masala",12,0,0,17,38.5
"pasta, tandoori chicken, veg biryani",23,0,1,19,42.9
"burger, masala dosa",17,0,0,9,24.7
"naan, pizza",9,0,0,10,25.5
"pasta, pizza",15,0,0,2,17.4
"masala dosa, paneer butter masala",12,0,1,4,34.9
"naan, masala dosa",0,0,0,8,23.6
pizza,3,0,0,6,18.0
fried rice,11,0,0,14,22.9
naan,15,1,0,12,20.0
"fried rice, burger",20,0,0,17,33.6
"naan, burger, veg biryani",20,0,0,14,36.1
paneer butter masala,0,0,0,15,20.5
chicken biryani,7,0,0,2,17.4
"fried rice, pasta, burger",18,0,0,10,30.6
fried rice,18,0,0,18,21.7
chicken biryani,18,0,0,7,18.4
"pasta, paneer butter masala, fried rice",14,0,0,4,26.0
"burger, masala dosa",17,0,0,3,21.4
veg biryani,15,0,0,4,17.7
"pizza, burger",18,1,0,6,26.5
"naan, chicken biryani",9,0,0,13,26.5
"pasta, chicken biryani, burger",10,0,0,12,31.0
naan,0,0,0,17,22.7
tandoori chicken,1,0,0,9,19.3
"fried rice, burger, tandoori chicken",2,0,0,3,27.7
pasta,10,0,0,6,14.8
"burger, fried rice, masala dosa",22,0,0,13,30.8
pizza,11,0,0,18,22.4
"paneer butter masala, naan",16,0,0,4,20.6
veg biryani,2,0,0,10,20.1
"pizza, pasta, chicken biryani",6,0,0,12,32.4
burger,1,0,0,2,11.8
"veg biryani, burger",17,0,0,6,26.8
"veg biryani, fried rice, paneer butter masala",7,1,0,6,31.2
"burger, fried rice",4,0,0,17,29.3
"masala dosa, pasta",12,0,1,6,39.4
"burger, chicken biryani, naan",6,0,0,9,30.3
chicken biryani,5,0,1,3,23.3
"masala dosa, chicken biryani",3,0,0,7,23.2
chicken biryani,16,0,0,1,12.5
naan,20,0,0,14,24.1
"paneer butter masala, naan",12,1,0,13,33.5
"paneer butter masala, fried rice",20,1,0,8,34.7
chicken biryani,5,0,0,6,17.5
"naan, chicken biryani",16,0,0,2,21.8
"masala dosa, naan",14,0,0,17,27.8
"tandoori chicken, chicken biryani",20,1,1,18,40.4
fried rice,13,0,0,4,24.8
veg biryani,9,1,0,8,23.7
"paneer butter masala, naan",5,0,0,18,26.9
veg biryani,2,0,0,16,25.2
tandoori chicken,8,0,0,10,19.0
pasta,18,0,0,2,17.0
"paneer butter masala, fried rice, naan",10,1,0,12,30.8
"naan, chicken biryani, burger",23,0,0,6,29.7
"naan, paneer butter masala, pasta",3,0,0,14,31.6
masala dosa,3,1,1,5,27.4
"tandoori chicken, masala dosa, veg biryani",15,0,0,10,27.7
"naan, pizza, burger",5,1,0,11,35.9
masala dosa,3,0,0,3,14.4
"naan, fried rice, chicken biryani",20,1,0,15,40.9
pasta,7,0,0,8,17.0
"chicken biryani, naan",23,1,0,19,31.8
"tandoori chicken, masala dosa, burger",10,0,0,4,24.8
"veg biryani, paneer butter masala",21,1,0,13,31.9
pizza,9,0,0,17,21.5
"paneer butter masala, veg biryani",22,0,1,4,32.3
naan,13,0,0,10,29.7
veg biryani,23,0,0,13,16.2
"chicken biryani, tandoori chicken",13,0,1,14,37.2
"burger, tandoori chicken",12,1,0,3,29.5
burger,5,0,0,9,20.6
"tandoori chicken, fried rice",20,0,0,2,26.1
"masala dosa, burger, naan",0,0,0,4,27.8
"pasta, fried rice, burger",16,0,0,5,27.4
chicken biryani,8,0,0,12,20.8
veg biryani,14,0,0,9,17.0
paneer butter masala,18,0,0,8,20.3
"naan, fried rice",12,1,1,9,42.8
fried rice,16,1,1,17,34.8
"burger, chicken biryani, naan",0,0,0,12,31.6
"chicken biryani, veg biryani",6,0,0,2,21.5
"pasta, tandoori chicken, veg biryani",21,1,0,10,36.8
"naan, paneer butter masala",2,1,0,4,25.2
"veg biryani, fried rice, naan",16,1,0,1,28.8
naan,17,0,0,7,17.4
"naan, fried rice, burger",16,0,0,15,34.5
chicken biryani,9,0,1,6,22.8
pizza,11,0,0,12,21.2
"naan, chicken biryani, burger",0,0,0,9,28.6
pizza,9,1,0,6,18.5
"tandoori chicken, veg biryani, masala dosa",2,0,0,14,32.6
paneer butter masala,18,0,1,3,22.8
"tandoori chicken, chicken biryani",9,0,0,7,24.1
tandoori chicken,11,1,0,4,23.4
"pizza, chicken biryani",20,0,0,1,24.8
"fried rice, naan",13,0,0,15,34.9
masala dosa,9,0,0,10,22.2
"chicken biryani, masala dosa",8,0,0,4,21.1
"veg biryani, burger",9,0,1,17,38.9
burger,4,0,0,3,16.7
"pasta, chicken biryani",2,0,0,6,24.1
"paneer butter masala, chicken biryani",4,0,0,19,32.0
"masala dosa, naan",18,0,0,11,26.6
"burger, fried rice",0,1,0,8,27.5
"fried rice, tandoori chicken, masala dosa",9,0,0,8,30.0
"veg biryani, burger",5,0,1,2,29.3
masala dosa,5,0,0,15,24.4
"pizza, burger",10,1,0,13,31.1
fried rice,16,0,0,18,21.6
"veg biryani, chicken biryani",13,0,0,9,31.9
veg biryani,7,0,0,5,21.0
"burger, veg biryani",8,0,0,19,28.0
pasta,18,0,0,19,23.3
pizza,7,0,0,4,15.9
paneer butter masala,12,0,1,6,31.1
"chicken biryani, naan, masala dosa",6,0,0,14,33.0
"tandoori chicken, fried rice, pizza",3,1,0,4,26.4
chicken biryani,15,0,0,11,22.3
"tandoori chicken, burger, naan",9,0,0,17,35.2
"pasta, burger, chicken biryani",9,0,0,10,30.0
"paneer butter masala, burger, fried rice",15,1,0,7,32.7
masala dosa,9,0,0,6,15.3
paneer butter masala,21,1,0,14,28.5
"pasta, chicken biryani, burger",23,1,0,11,32.6
"chicken biryani, naan",23,0,0,8,20.8
"veg biryani, pasta",6,0,1,5,28.6
pasta,6,0,0,13,20.7
"pasta, burger",21,0,0,12,34.5
"masala dosa, pasta",21,1,0,12,39.7
"veg biryani, chicken biryani",23,0,0,10,26.9
"chicken biryani, burger",19,0,0,4,18.9
"naan, chicken biryani",0,0,0,14,26.4
"pizza, paneer butter masala, tandoori chicken",7,0,0,19,37.2
"veg biryani, paneer butter masala, pizza",11,0,0,17,32.9
"veg biryani, naan, chicken biryani",16,0,0,11,31.8
"chicken biryani, fried rice, paneer butter masala",0,0,0,6,28.2
"fried rice, pasta, paneer butter masala",3,0,0,6,28.8
pizza,17,0,0,4,14.7
pizza,4,0,0,12,22.8
"burger, fried rice, masala dosa",9,0,0,18,32.8
"burger, pasta, paneer butter masala",22,0,0,10,31.6
tandoori chicken,4,0,1,5,21.6
tandoori chicken,12,0,0,13,25.3
burger,0,0,0,12,23.1
"masala dosa, paneer butter masala, naan",14,0,0,4,26.0
paneer butter masala,6,0,0,17,25.8
veg biryani,6,0,0,5,19.1
pasta,7,1,0,12,21.4
pizza,17,0,0,7,18.4
"masala dosa, pasta, tandoori chicken",23,0,0,6,27.1
paneer butter masala,5,0,0,15,23.4
masala dosa,17,0,0,19,22.6
"veg biryani, paneer butter masala",6,0,0,18,31.1
"burger, veg biryani",17,0,0,8,23.3
chicken biryani,9,0,0,3,14.2
chicken biryani,23,0,0,7,17.5
"burger, veg biryani",6,1,0,13,25.0
chicken biryani,3,1,0,11,21.1
"paneer butter masala, naan, tandoori chicken",6,0,0,4,25.8
tandoori chicken,23,0,0,3,13.7
tandoori chicken,16,0,0,1,16.9
naan,12,0,0,13,26.8
masala dosa,22,0,0,12,23.5
masala dosa,10,0,1,16,27.1
fried rice,20,0,0,10,27.1
"masala dosa, naan",23,0,1,18,38.4
paneer butter masala,7,0,0,10,20.9
"tandoori chicken, naan, veg biryani",13,0,0,9,32.5
"chicken biryani, paneer butter masala, masala dosa",7,0,0,7,28.6
masala dosa,0,1,0,8,19.2
pasta,13,1,0,10,28.1
"masala dosa, pasta",13,0,1,14,39.7
"pizza, tandoori chicken, burger",2,0,0,16,33.4
"fried rice, burger, masala dosa",9,0,0,6,26.9
"naan, masala dosa",12,0,0,7,27.6
"pizza, masala dosa",9,0,0,16,32.0
"fried rice, tandoori chicken, pizza",3,1,0,14,36.0
"burger, pizza",20,0,0,6,30.9
"fried rice, veg biryani",7,1,1,9,37.1
"pasta, naan",0,0,0,3,21.0
"burger, tandoori chicken",4,0,0,3,21.2
pizza,12,0,0,17,27.3
chicken biryani,0,0,0,1,14.4
"veg biryani, pasta, tandoori chicken",20,0,0,3,27.8
"tandoori chicken, pizza",23,0,0,11,27.1
"veg biryani, pasta",23,1,0,13,28.2
"veg biryani, tandoori chicken, masala dosa",15,0,0,9,28.6
veg biryani,18,0,0,4,16.1
"naan, pizza",9,0,0,10,21.4
"veg biryani, pizza",5,0,0,4,21.1
burger,6,1,0,10,23.7
"pizza, chicken biryani, tandoori chicken",2,0,0,12,29.8
"veg biryani, tandoori chicken, naan",1,0,0,15,31.5
"pizza, tandoori chicken",6,0,1,2,25.7
"burger, veg biryani",19,0,0,4,22.8
"chicken biryani, veg biryani, pasta",5,0,0,18,34.7
pasta,20,0,0,2,22.8
"masala dosa, fried rice",8,1,0,12,25.6
"burger, paneer butter masala",20,1,0,16,37.6
naan,20,0,0,2,19.6
fried rice,22,1,0,7,22.6
"fried rice, masala dosa",18,1,0,11,29.5
"masala dosa, chicken biryani",17,0,0,18,30.5
"naan, veg biryani, burger",7,0,0,16,30.8
"masala dosa, pizza",5,0,0,1,19.4
"tandoori chicken, veg biryani, fried rice",3,0,0,4,27.5
pasta,7,0,0,12,18.8
"chicken biryani, burger",19,0,0,14,25.3
"chicken biryani, pasta",22,0,1,3,30.9
chicken biryani,17,1,0,4,18.5
"fried rice, naan, masala dosa",18,0,0,18,32.0
"veg biryani, burger, pasta",20,0,0,5,32.3
"pizza, tandoori chicken, burger",14,0,0,9,32.3
burger,13,0,0,13,28.4
masala dosa,9,1,0,13,25.2
paneer butter masala,17,0,0,18,25.8
"veg biryani, pizza",10,0,1,11,32.6
"chicken biryani, paneer butter masala, fried rice",1,0,0,13,30.4
"pasta, tandoori chicken, veg biryani",4,1,0,11,34.5
pasta,5,0,0,8,20.8
"pasta, tandoori chicken",21,0,0,6,27.7
"masala dosa, naan, burger",7,1,0,17,39.0
"fried rice, pizza",19,0,0,10,23.5
"pizza, tandoori chicken, naan",17,0,0,2,27.3
naan,20,0,1,7,28.7
veg biryani,18,0,0,10,20.9
"pizza, masala dosa",17,0,0,17,28.3
"pizza, naan",1,0,0,14,23.4
chicken biryani,1,0,0,12,23.3
veg biryani,6,0,0,10,20.4
"masala dosa, naan, pasta",23,0,0,18,32.3
veg biryani,19,1,0,11,23.9
veg biryani,22,0,0,16,21.9
masala dosa,17,1,0,18,27.1
"tandoori chicken, burger, pasta",2,1,0,12,35.4
naan,14,0,0,17,25.0
tandoori chicken,13,0,0,16,34.5
"masala dosa, paneer butter masala, burger",4,0,0,2,24.3
"fried rice, veg biryani",9,0,0,15,27.5
burger,10,0,0,4,17.4
"pizza, fried rice",8,1,0,3,25.1
chicken biryani,9,0,0,9,20.1
"masala dosa, fried rice, tandoori chicken",4,0,0,13,32.1
"naan, pasta, paneer butter masala",3,1,0,17,38.1
"chicken biryani, masala dosa, pasta",3,0,0,17,33.0
masala dosa,1,1,0,7,20.4
"veg biryani, paneer butter masala, tandoori chicken",23,0,0,2,27.7
"tandoori chicken, naan, masala dosa",17,0,0,7,27.0
"chicken biryani, pasta, pizza",9,0,0,15,32.7
naan,20,1,0,15,29.0
"masala dosa, veg biryani, tandoori chicken",19,0,0,11,28.8
"pizza, pasta, masala dosa",2,0,0,2,27.7
"paneer butter masala, burger",5,1,0,15,31.2
"fried rice, veg biryani",1,0,0,17,30.5
paneer butter masala,22,0,0,6,20.5
"burger, tandoori chicken, paneer butter masala",4,1,0,8,28.8
"pizza, veg biryani",23,1,0,13,30.8
"pizza, tandoori chicken",9,0,0,7,22.6
"pizza, burger, paneer butter masala",13,1,0,11,38.6
"veg biryani, fried rice, tandoori chicken",7,0,0,5,25.6
fried rice,2,0,0,10,20.9
pizza,8,0,0,3,15.2
veg biryani,0,0,0,9,18.5
burger,10,0,0,2,13.1
"naan, fried rice",22,0,0,2,18.2
"naan, chicken biryani",23,0,0,4,23.3
"masala dosa, fried rice, naan",8,0,0,16,32.8
tandoori chicken,8,1,0,15,26.3
"veg biryani, chicken biryani, naan",3,0,0,15,33.1
"fried rice, pasta",1,0,0,7,22.1
pasta,16,0,0,15,22.9
chicken biryani,6,0,0,2,16.7
pasta,0,0,0,19,28.4
chicken biryani,23,1,0,6,21.7
"pasta, chicken biryani",19,0,0,13,26.8
burger,2,0,0,11,22.8
"paneer butter masala, veg biryani",6,0,1,16,36.2
"masala dosa, chicken biryani, fried rice",14,0,0,6,29.2
"naan, pizza",6,1,0,3,23.8
"chicken biryani, fried rice, pizza",0,0,0,17,30.5
"pizza, burger, chicken biryani",21,0,0,18,37.0
"pizza, naan, chicken biryani",19,0,0,18,30.5
"pasta, paneer butter masala",22,0,0,4,24.1
tandoori chicken,10,0,0,9,21.3
"naan, paneer butter masala, pizza",13,0,0,7,32.3
"pasta, masala dosa, veg biryani",19,0,0,10,27.7
fried rice,18,0,0,17,26.3
"fried rice, veg biryani, chicken biryani",13,0,0,6,31.7
chicken biryani,16,1,0,5,22.6
"pasta, masala dosa, paneer butter masala",8,0,0,7,24.6
"burger, masala dosa",10,1,0,18,30.7
"chicken biryani, pasta, burger",3,0,0,9,35.9
"burger, veg biryani",9,0,0,4,24.7
paneer butter masala,20,0,0,1,20.6
paneer butter masala,20,0,0,14,28.7
"fried rice, naan",1,0,0,2,20.2
"pasta, veg biryani, paneer butter masala",0,1,0,12,34.1
"tandoori chicken, veg biryani, pizza",22,0,0,16,34.0
pasta,11,0,0,13,21.7
"paneer butter masala, pizza, fried rice",14,0,0,1,26.3
"fried rice, tandoori chicken",23,0,0,12,26.7
"naan, veg biryani, chicken biryani",0,0,0,1,29.7
burger,1,0,1,4,22.8
"chicken biryani, pasta",4,0,0,13,23.1
burger,10,0,0,8,17.8
"paneer butter masala, masala dosa, fried rice",21,0,0,10,33.1
"masala dosa, chicken biryani",19,0,0,11,26.2
paneer butter masala,2,0,0,3,16.0
"chicken biryani, pasta, pizza",14,0,0,18,32.6
"veg biryani, tandoori chicken, paneer butter masala",0,1,0,10,32.0
"paneer butter masala, chicken biryani",18,0,0,8,22.5
"fried rice, burger",18,0,0,1,21.4
burger,14,0,0,11,19.4
burger,0,0,0,5,18.6
"tandoori chicken, veg biryani",11,0,1,1,24.9
"pasta, pizza, tandoori chicken",21,0,0,5,32.2
"paneer butter masala, pizza, chicken biryani",23,1,0,3,27.6
"pizza, burger, chicken biryani",17,0,0,6,28.2
"burger, tandoori chicken, masala dosa",22,0,0,8,30.2
veg biryani,7,0,0,15,20.9
masala dosa,2,0,0,10,21.1
chicken biryani,23,0,1,10,27.5
"naan, fried rice",19,0,0,7,21.0
pasta,7,0,0,7,17.4
"paneer butter masala, masala dosa",7,0,0,6,26.3
"masala dosa, burger",20,1,0,15,34.1
"paneer butter masala, pasta",20,0,1,17,39.2
naan,15,0,0,17,22.3
"chicken biryani, tandoori chicken, masala dosa",1,0,0,6,23.8
naan,6,0,0,18,27.3
pizza,2,0,0,3,17.5
"burger, veg biryani",5,1,0,5,28.9
"pizza, paneer butter masala",3,1,0,15,30.1
"veg biryani, chicken biryani",11,0,0,19,29.2
"burger, tandoori chicken",22,0,0,12,28.1
"paneer butter masala, fried rice, chicken biryani",10,0,1,2,33.5
"chicken biryani, veg biryani, tandoori chicken",13,0,1,15,42.0
veg biryani,14,1,0,8,25.0
paneer butter masala,18,0,0,19,25.9
"pizza, tandoori chicken",10,0,0,4,22.1
pizza,17,0,0,10,18.4
"veg biryani, paneer butter masala, fried rice",22,0,0,7,29.7
pizza,18,1,0,6,22.1
"masala dosa, naan, pasta",22,0,0,2,24.4
"veg biryani, naan",10,0,0,11,26.8
"chicken biryani, pizza, masala dosa",21,0,0,4,36.4
burger,10,0,0,3,16.5
"tandoori chicken, pizza",16,0,0,16,30.3
"burger, chicken biryani, pizza",18,0,0,7,28.5
"paneer butter masala, tandoori chicken, burger",10,0,0,15,31.7
"paneer butter masala, chicken biryani",1,0,0,14,30.2
"pizza, chicken biryani, naan",7,0,0,8,26.3
"pasta, naan",15,0,0,5,23.7
"pizza, naan",1,1,0,17,30.8
"paneer butter masala, tandoori chicken, chicken biryani",13,0,0,12,34.2
pasta,18,0,0,11,21.4
"burger, chicken biryani, naan",4,0,0,5,26.5
masala dosa,21,0,0,7,26.5
"burger, chicken biryani",4,0,0,7,19.6
masala dosa,13,1,0,10,28.6
"paneer butter masala, veg biryani, burger",18,1,1,1,34.7
"tandoori chicken, naan",9,0,0,18,26.2
"naan, masala dosa, pizza",5,0,0,12,30.9
"veg biryani, naan, chicken biryani",4,0,0,5,25.9
"burger, veg biryani, pasta",12,0,0,3,30.2
"naan, fried rice, chicken biryani",5,0,0,18,37.9
"pizza, masala dosa, burger",9,0,0,1,24.1
"tandoori chicken, pizza",18,0,0,7,25.3
"fried rice, veg biryani, pizza",3,0,0,6,30.6
"pizza, tandoori chicken",16,0,0,11,27.4
"burger, tandoori chicken, veg biryani",20,0,1,10,45.9
"naan, pasta, pizza",22,0,0,2,24.2
"naan, fried rice, burger",1,0,0,4,28.7
"pizza, burger",19,0,0,2,19.4
veg biryani,9,0,0,6,17.3
"fried rice, tandoori chicken",7,0,0,17,29.8
"naan, tandoori chicken",9,0,0,12,24.8
"masala dosa, paneer butter masala",21,0,0,4,26.1
tandoori chicken,11,1,0,19,30.2
"naan, paneer butter masala",19,0,0,12,28.0
"paneer butter masala, fried rice, masala dosa",18,0,0,10,31.6
"naan, paneer butter masala",7,0,0,3,21.1
naan,0,0,0,11,22.4
"tandoori chicken, pasta",8,0,0,9,23.9
paneer butter masala,22,0,1,14,27.0
"burger, tandoori chicken",14,0,0,18,29.8
"veg biryani, fried rice",10,0,0,2,22.2
fried rice,12,0,1,2,28.6
chicken biryani,7,0,0,11,23.7
"chicken biryani, fried rice",5,0,0,19,33.6
burger,1,1,0,16,25.7
"tandoori chicken, pizza, burger",17,0,0,4,22.6
"chicken biryani, pasta, pizza",10,0,0,1,22.8
"masala dosa, chicken biryani",6,0,0,8,25.3
"tandoori chicken, pasta, chicken biryani",6,0,0,14,32.1
pasta,12,0,0,16,26.3
pasta,8,1,0,14,27.9
"pasta, pizza, burger",15,0,0,10,31.4
"pasta, paneer butter masala, chicken biryani",2,0,0,3,25.8
"veg biryani, fried rice, masala dosa",9,0,0,15,34.4
"tandoori chicken, paneer butter masala",15,0,0,9,25.1
"tandoori chicken, veg biryani",6,0,0,1,20.7
"fried rice, tandoori chicken, paneer butter masala",9,0,0,11,27.0
chicken biryani,17,0,0,17,24.3
"naan, fried rice, burger",23,0,0,14,31.6
masala dosa,6,0,0,12,21.6
naan,21,0,0,16,27.5
naan,11,0,0,18,21.4
"naan, pizza",20,0,0,14,27.8
"chicken biryani, naan",10,0,0,2,23.0
chicken biryani,9,0,0,18,25.3
naan,6,0,0,17,26.3
"pizza, naan, masala dosa",23,0,0,15,35.1
"pizza, pasta, chicken biryani",14,1,1,9,40.7
"tandoori chicken, burger",3,0,0,13,23.6
"tandoori chicken, burger",5,0,0,5,24.8
"naan, tandoori chicken",8,0,0,18,29.0
naan,6,0,0,13,21.2
naan,9,0,0,19,25.0
pasta,5,0,0,10,18.3
masala dosa,5,0,0,15,22.7
"masala dosa, paneer butter masala",18,0,0,9,24.6
burger,15,0,0,12,21.3
"tandoori chicken, fried rice, paneer butter masala",0,0,0,18,34.3
"paneer butter masala, tandoori chicken, masala dosa",2,0,0,9,29.0
"chicken biryani, naan, masala dosa",20,1,0,5,37.2
masala dosa,10,0,0,16,20.4
"fried rice, paneer butter masala",0,0,0,13,31.7
pasta,17,1,0,4,19.9
"pasta, pizza",9,0,0,6,22.5
"pizza, pasta, naan",9,0,0,18,34.6
"pasta, chicken biryani, veg biryani",8,0,0,1,20.4
"burger, fried rice",7,0,0,8,22.4
"naan, veg biryani, fried rice",4,0,0,10,28.3
"naan, paneer butter masala, pasta",23,0,0,10,32.8
"fried rice, burger",11,0,0,13,27.6
"tandoori chicken, fried rice",23,1,0,16,31.3
"pizza, chicken biryani",21,0,1,5,34.2
"pizza, burger, naan",1,0,0,16,30.5
"chicken biryani, pasta",14,0,0,10,27.6
"pizza, veg biryani",7,0,0,16,27.9
"naan, masala dosa",9,0,0,2,19.2
"naan, masala dosa",0,1,0,16,33.6
burger,2,0,0,1,16.7
"pizza, naan, pasta",16,0,1,12,36.2
"tandoori chicken, masala dosa",2,0,0,3,22.4
veg biryani,18,1,0,17,26.4
pizza,14,0,0,10,22.0
"veg biryani, chicken biryani",6,0,0,3,23.5
"chicken biryani, burger",9,0,0,3,24.6
"pizza, paneer butter masala, chicken biryani",17,0,0,18,34.1
naan,3,1,1,7,25.8
"pizza, veg biryani, burger",8,0,0,10,30.1
"veg biryani, pizza",19,1,0,7,26.8
tandoori chicken,21,0,0,4,22.8
"burger, masala dosa, tandoori chicken",2,0,0,8,29.5
veg biryani,16,0,0,18,21.7
"paneer butter masala, veg biryani",18,0,0,3,17.9
naan,22,0,0,11,21.1
"tandoori chicken, naan, burger",13,0,0,16,36.1
veg biryani,6,1,0,7,20.3
"chicken biryani, masala dosa",10,0,0,1,25.0
"veg biryani, naan",9,0,0,3,23.1
masala dosa,9,0,0,8,21.7
"veg biryani, pizza",22,0,0,18,29.6
"burger, paneer butter masala",1,0,0,17,30.4
"chicken biryani, tandoori chicken, masala dosa",7,0,0,5,29.4
naan,17,0,0,17,20.1
"pizza, veg biryani, burger",19,0,0,4,24.5
"burger, naan",5,0,0,12,26.5
"burger, naan, masala dosa",8,0,0,4,29.4
"naan, veg biryani, pasta",12,0,0,13,38.2
"fried rice, veg biryani",19,0,0,17,29.6
paneer butter masala,14,0,0,3,19.1
masala dosa,11,0,0,3,14.9
"tandoori chicken, fried rice, naan",16,0,0,12,31.6
"burger, veg biryani, fried rice",12,0,0,14,35.3
"chicken biryani, tandoori chicken, paneer butter masala",4,0,0,8,33.3
"fried rice, veg biryani",14,0,0,15,25.5
"masala dosa, fried rice",2,0,0,14,31.3
burger,12,0,0,13,26.3
burger,21,0,0,12,25.9
"naan, fried rice",16,0,0,1,21.2
"fried rice, tandoori chicken, veg biryani",5,0,0,9,28.4
"masala dosa, burger, tandoori chicken",3,0,0,3,27.8
fried rice,15,0,0,4,16.1
"pasta, naan, masala dosa",5,0,0,8,26.8
"naan, fried rice, chicken biryani",16,0,1,11,40.3
"chicken biryani, masala dosa, burger",18,0,0,18,33.3
pizza,18,0,1,3,19.2
chicken biryani,4,0,0,17,22.7
burger,1,0,0,7,16.7
"chicken biryani, burger, pasta",16,1,0,14,34.8
"chicken biryani, naan, fried rice",4,0,0,18,32.4
pizza,3,0,0,3,15.6
"chicken biryani, paneer butter masala",16,0,0,7,25.4
fried rice,14,0,0,9,17.7
"paneer butter masala, veg biryani",15,0,0,8,25.8
"burger, veg biryani, paneer butter masala",11,0,0,11,29.3
"naan, fried rice",14,0,0,11,26.9
"burger, tandoori chicken",17,0,0,15,28.9
masala dosa,20,0,0,2,20.6
"pizza, veg biryani",1,0,0,19,30.9
"chicken biryani, veg biryani",9,0,0,11,25.0
"pizza, naan, masala dosa",18,0,1,1,31.2
"pasta, naan, masala dosa",17,0,0,7,26.5
pasta,4,0,0,8,17.4
"pizza, tandoori chicken, masala dosa",13,0,0,11,36.3
"tandoori chicken, pizza",23,0,0,17,29.6
"burger, fried rice, pizza",8,0,0,15,30.3
"fried rice, masala dosa",15,1,0,2,23.9
"pizza, naan",12,0,0,1,27.7
tandoori chicken,11,0,0,3,18.0
"paneer butter masala, fried rice, burger",14,0,0,5,28.0
tandoori chicken,16,1,0,17,25.8
"veg biryani, masala dosa",10,1,0,18,32.4
"tandoori chicken, paneer butter masala, chicken biryani",3,0,0,9,32.7
"pasta, masala dosa",22,0,0,2,19.2
"pizza, naan",23,0,0,4,20.6
"naan, veg biryani, pasta",18,0,0,10,30.3
"naan, masala dosa",21,0,0,5,26.6
"tandoori chicken, paneer butter masala, naan",20,0,0,9,34.0
"tandoori chicken, chicken biryani, veg biryani",10,0,0,19,31.9
masala dosa,14,0,0,6,16.8
"veg biryani, pizza",19,0,0,3,21.0
fried rice,4,0,0,5,20.2
"masala dosa, pizza, naan",21,0,0,2,32.3
"fried rice, chicken biryani, pasta",18,0,0,19,35.8
"naan, paneer butter masala",2,0,0,9,25.2
pizza,20,0,0,11,23.9
masala dosa,3,1,0,17,27.8
chicken biryani,9,0,0,2,14.3
"paneer butter masala, masala dosa, chicken biryani",13,1,0,7,34.7
"tandoori chicken, burger",18,1,0,11,28.6
"veg biryani, tandoori chicken",13,0,0,11,34.2
naan,18,1,1,7,30.6
"burger, naan",23,0,0,12,27.8
pizza,14,1,1,8,28.5
"tandoori chicken, pasta, burger",17,1,0,10,31.8
"pasta, paneer butter masala",21,0,0,8,29.8
"chicken biryani, tandoori chicken, burger",21,1,0,10,36.3
"naan, veg biryani, pizza",18,0,0,3,28.5
"fried rice, pasta, masala dosa",9,0,0,4,28.8
"burger, paneer butter masala, fried rice",7,1,0,15,38.8
"burger, fried rice",5,1,0,4,23.7
burger,4,0,0,13,19.2
"naan, veg biryani, chicken biryani",13,0,0,6,35.4
"tandoori chicken, pasta, pizza",0,0,0,8,26.2
veg biryani,6,0,0,16,21.8
"masala dosa, burger",18,1,0,12,30.3
burger,22,0,0,5,13.4
"chicken biryani, veg biryani",6,0,0,8,21.9
naan,0,0,0,5,18.0
"naan, veg biryani, burger",6,0,0,19,37.2
"veg biryani, fried rice, masala dosa",22,0,0,9,29.1
"burger, paneer butter masala",23,0,0,9,25.4
"tandoori chicken, burger",16,0,0,5,17.4
"naan, chicken biryani",1,0,0,15,25.7
pizza,15,0,0,9,21.1
fried rice,11,1,0,8,20.5
"fried rice, pasta, veg biryani",20,1,0,13,38.8
"naan, chicken biryani",14,0,0,16,26.4
"tandoori chicken, fried rice",19,0,0,5,21.7
"naan, chicken biryani, veg biryani",6,0,0,17,35.6
"masala dosa, pizza",1,0,0,14,25.6
chicken biryani,20,0,0,4,22.6
"chicken biryani, tandoori chicken",22,0,0,8,23.9
"tandoori chicken, burger",9,0,0,15,25.9
"chicken biryani, burger",11,0,0,18,26.1
"fried rice, masala dosa",3,1,0,15,29.2
chicken biryani,20,0,0,3,19.7
pasta,22,0,0,5,20.4
veg biryani,17,0,0,8,16.8
"paneer butter masala, veg biryani, pasta",11,0,0,13,35.6
"pizza, naan, chicken biryani",20,0,0,9,33.4
paneer butter masala,9,0,0,17,22.1
fried rice,20,0,0,8,25.8
pizza,0,0,0,6,16.1
fried rice,5,0,0,13,24.4
pizza,8,0,0,5,18.8
"tandoori chicken, pasta",15,1,0,1,22.2
"fried rice, pizza",17,0,0,4,21.5
"tandoori chicken, paneer butter masala, fried rice",6,0,0,9,29.0
burger,10,0,0,2,17.9
"pizza, fried rice",4,0,0,11,23.0
"burger, tandoori chicken",16,0,0,4,23.6
masala dosa,8,0,0,12,22.1
"pasta, pizza, tandoori chicken",12,0,0,7,33.5
"tandoori chicken, chicken biryani, pizza",5,0,0,13,31.7
veg biryani,12,0,0,2,21.5
"naan, masala dosa",22,0,0,5,21.1
"masala dosa, tandoori chicken",8,0,0,11,23.7
"fried rice, naan, paneer butter masala",7,0,0,7,29.4
fried rice,11,1,0,6,20.9
burger,17,1,0,13,22.8
"paneer butter masala, veg biryani",14,1,0,11,24.3
"chicken biryani, masala dosa",10,0,0,10,23.4
"fried rice, pizza, paneer butter masala",13,0,1,19,49.2
"burger, veg biryani, chicken biryani",1,0,0,10,30.4
naan,10,0,0,10,20.1
"naan, tandoori chicken",13,0,0,18,36.0
"masala dosa, paneer butter masala, pasta",18,1,0,8,34.9
"chicken biryani, veg biryani, pizza",7,0,0,12,30.1
tandoori chicken,15,0,0,3,18.6
"chicken biryani, paneer butter masala",23,0,0,15,28.9
"pasta, paneer butter masala, fried rice",21,0,0,4,34.2
burger,12,0,0,6,20.4
"paneer butter masala, pizza",7,0,0,11,24.1
"fried rice, chicken biryani",6,0,0,13,27.8
paneer butter masala,7,0,0,17,23.6
"pasta, paneer butter masala, naan",11,1,0,11,36.7
"burger, fried rice, paneer butter masala",13,1,0,8,37.5
paneer butter masala,6,1,0,6,21.7
"naan, chicken biryani, masala dosa",16,0,1,13,36.9
"pizza, tandoori chicken",15,0,0,14,26.4
masala dosa,23,0,0,14,22.9
fried rice,23,0,0,12,23.0
pasta,6,0,1,15,33.0
"masala dosa, pasta",9,0,0,6,24.9
pasta,2,1,0,4,18.5
"tandoori chicken, pizza, burger",7,1,0,16,37.0
chicken biryani,1,0,0,16,20.0
"pizza, naan",5,1,0,6,23.5
"pizza, veg biryani, masala dosa",12,0,0,17,37.3
masala dosa,21,0,0,16,28.2
pasta,8,0,0,2,15.8
pasta,16,1,0,6,21.2
"masala dosa, naan, chicken biryani",6,0,0,13,34.8
"burger, pasta, chicken biryani",11,0,0,17,35.2
"naan, veg biryani, paneer butter masala",4,0,1,2,33.3
"veg biryani, chicken biryani",14,0,0,16,25.5
"pasta, paneer butter masala, tandoori chicken",18,0,0,18,33.2
chicken biryani,17,0,1,12,30.9
"fried rice, pasta, paneer butter masala",12,1,0,15,39.2
chicken biryani,14,0,0,6,14.2
"masala dosa, veg biryani, pasta",8,0,0,8,28.6
pasta,22,0,0,11,21.0
"chicken biryani, naan",7,0,0,12,26.8
"chicken biryani, fried rice",1,0,0,18,28.8
"burger, pizza, chicken biryani",5,1,0,2,29.2
"pizza, veg biryani",1,1,0,16,27.8
paneer butter masala,3,0,0,6,20.7
pasta,22,0,0,7,15.6
"tandoori chicken, masala dosa, pizza",18,1,0,3,28.1
"burger, veg biryani, paneer butter masala",10,0,0,13,30.7
burger,10,0,0,10,20.8
"fried rice, naan",15,0,0,7,21.9
"naan, pizza, veg biryani",9,1,0,17,40.2
"masala dosa, naan",10,0,0,13,31.0
pizza,2,0,0,18,26.9
"fried rice, pasta, pizza",11,0,0,9,27.8
"pizza, paneer butter masala, fried rice",5,0,0,4,29.2
"tandoori chicken, naan",16,1,0,10,28.6
pizza,5,0,0,15,18.5
"paneer butter masala, burger",4,0,0,12,25.0
pasta,11,1,1,14,33.3
pasta,12,0,0,17,27.9
"paneer butter masala, veg biryani",18,0,0,7,22.8
"tandoori chicken, paneer butter masala, veg biryani",22,0,0,3,26.8
masala dosa,16,1,0,14,26.4
"masala dosa, veg biryani, burger",16,0,0,11,30.0
"masala dosa, paneer butter masala, naan",7,1,0,16,37.7
pizza,5,0,0,7,20.1
"veg biryani, pasta, paneer butter masala",14,0,0,8,29.1
"veg biryani, pasta",16,1,0,13,31.5
"fried rice, naan",16,0,0,9,28.1
"tandoori chicken, masala dosa",3,0,0,11,27.9
"masala dosa, fried rice, pizza",22,0,0,4,25.6
"paneer butter masala, naan, chicken biryani",20,0,0,11,36.7
"chicken biryani, burger",20,0,0,12,33.1
"paneer butter masala, tandoori chicken, masala dosa",23,0,0,8,27.2
"paneer butter masala, burger",2,0,0,3,20.1
"chicken biryani, masala dosa, tandoori chicken",20,0,0,14,36.1
"pizza, pasta",21,0,0,5,27.0
"fried rice, masala dosa",13,0,0,11,30.5
"chicken biryani, paneer butter masala",8,1,0,15,28.6
"tandoori chicken, pizza",10,0,0,4,20.3
paneer butter masala,4,1,0,2,22.2
"pizza, paneer butter masala, fried rice",19,0,0,12,33.8
"fried rice, naan",11,0,0,8,23.2
tandoori chicken,23,0,0,6,16.0
"chicken biryani, veg biryani, fried rice",8,0,0,19,38.7
"fried rice, paneer butter masala, chicken biryani",16,0,0,14,33.7
"naan, masala dosa, pasta",1,0,0,14,27.2
pizza,23,1,0,8,21.5
"veg biryani, fried rice",22,0,0,1,19.7
pizza,18,0,0,3,17.5
"pizza, paneer butter masala",19,0,0,4,23.1
"veg biryani, naan",14,1,0,2,26.9
"naan, chicken biryani",23,0,0,16,29.5
"masala dosa, paneer butter masala, naan",5,0,0,14,28.3
"chicken biryani, paneer butter masala, veg biryani",0,0,1,12,35.5
veg biryani,1,0,0,7,20.3
"tandoori chicken, pasta, paneer butter masala",17,1,0,13,33.1
"pizza, paneer butter masala",10,1,0,14,32.8
"burger, chicken biryani, pizza",13,0,0,4,31.8
"paneer butter masala, masala dosa, burger",14,0,0,3,24.2
"naan, veg biryani",18,0,0,14,25.6
burger,17,0,0,2,18.4
"pizza, fried rice, veg biryani",7,0,0,1,25.3
pizza,8,0,0,9,18.5
"veg biryani, fried rice, masala dosa",5,0,0,19,35.1
veg biryani,17,0,0,7,22.1
burger,17,0,0,8,19.0
"pasta, fried rice",2,1,0,18,29.0
"chicken biryani, naan",4,0,0,4,21.8
"burger, pizza",17,0,1,9,33.5
"pizza, chicken biryani, burger",18,0,0,17,31.4
"chicken biryani, paneer butter masala, pizza",5,0,0,1,24.6
naan,13,1,0,4,23.6
"tandoori chicken, chicken biryani, pizza",9,0,0,19,35.9
"tandoori chicken, paneer butter masala",3,1,0,13,28.7
"pasta, naan, burger",23,0,0,5,24.4
"pizza, veg biryani, burger",20,0,0,17,40.2
"burger, naan, fried rice",1,0,0,5,28.5
pasta,21,1,1,13,36.1
"paneer butter masala, masala dosa, chicken biryani",16,1,0,18,39.5
"tandoori chicken, fried rice",15,0,0,9,27.1
"pizza, burger",8,0,0,2,20.6
"fried rice, veg biryani, tandoori chicken",16,0,0,17,31.8
"paneer butter masala, fried rice, naan",18,0,0,18,34.2
"tandoori chicken, paneer butter masala",5,1,0,10,30.6
masala dosa,18,0,0,10,20.1
"chicken biryani, pasta",7,0,0,3,22.4
"veg biryani, pasta, masala dosa",12,1,0,4,37.3
"chicken biryani, paneer butter masala, pizza",22,1,0,4,28.8
"pizza, naan",9,0,0,16,27.3
naan,5,1,0,19,28.5
veg biryani,10,0,0,17,21.5
paneer butter masala,2,1,0,4,22.3
"fried rice, veg biryani, burger",7,0,0,1,23.5
chicken biryani,21,0,0,16,28.3
"veg biryani, burger, paneer butter masala",7,0,0,19,36.5
"pasta, chicken biryani",2,0,1,8,32.8
"naan, veg biryani",16,0,0,11,27.9
burger,16,0,0,4,15.6
paneer butter masala,21,0,0,2,17.4
"fried rice, naan, masala dosa",7,0,0,18,35.4
"fried rice, veg biryani, pasta",21,0,0,6,31.7
"pasta, paneer butter masala",15,0,0,6,26.5
paneer butter masala,4,0,0,14,19.5
burger,14,0,0,10,25.2
masala dosa,12,0,0,2,21.8
chicken biryani,15,0,0,14,21.7
masala dosa,17,1,0,3,15.0
tandoori chicken,6,1,0,15,22.2
"pizza, naan, chicken biryani",20,0,0,11,35.7
paneer butter masala,8,0,0,19,26.7
"chicken biryani, naan",2,0,1,12,32.0
veg biryani,12,0,0,6,21.5
"fried rice, masala dosa",21,0,0,3,23.9
"pasta, paneer butter masala, burger",17,0,0,13,35.2
"burger, tandoori chicken",2,0,0,6,23.0
"fried rice, paneer butter masala, tandoori chicken",16,0,0,19,38.3
"pasta, veg biryani",1,0,0,6,21.9
veg biryani,4,0,1,4,26.7
"pizza, fried rice",22,0,0,6,25.7
"tandoori chicken, fried rice, burger",11,0,0,2,25.7
chicken biryani,6,1,0,15,27.3
"pasta, pizza",11,0,0,8,21.8
"veg biryani, naan, pasta",7,0,0,13,32.6
"chicken biryani, paneer butter masala",3,0,1,12,33.6
"burger, pasta, masala dosa",13,0,0,3,24.3
"pasta, naan, chicken biryani",18,0,0,8,29.0
paneer butter masala,22,0,0,11,22.2
"pasta, veg biryani, burger",0,1,0,5,33.0
"burger, chicken biryani, pizza",12,1,0,13,42.1
"paneer butter masala, naan",1,0,0,8,26.4
fried rice,18,0,0,12,21.2
chicken biryani,18,0,0,14,19.5
pizza,23,0,0,3,15.5
"naan, chicken biryani, masala dosa",3,0,0,4,25.4
"pasta, fried rice, paneer butter masala",17,0,0,17,34.3
"chicken biryani, fried rice, burger",16,0,0,5,26.6
"pizza, paneer butter masala, chicken biryani",20,0,0,16,42.8
chicken biryani,4,1,0,12,24.0
"tandoori chicken, masala dosa, chicken biryani",2,0,0,15,31.8
"tandoori chicken, pasta",11,0,1,6,29.2
"paneer butter masala, pasta, veg biryani",15,0,0,5,31.8
chicken biryani,17,1,0,10,24.4
veg biryani,8,0,1,12,27.0
"fried rice, burger, tandoori chicken",15,0,0,5,27.4
"fried rice, naan",22,1,0,17,32.9
fried rice,17,0,0,12,21.5
pizza,18,0,0,4,15.6
fried rice,8,0,0,6,15.6
"fried rice, chicken biryani, masala dosa",17,0,0,16,35.8
"paneer butter masala, tandoori chicken, fried rice",13,0,0,16,37.8
tandoori chicken,16,0,0,19,25.6
"pizza, fried rice, masala dosa",7,0,0,5,31.2
"masala dosa, veg biryani",21,1,0,1,29.0
paneer butter masala,9,0,0,18,22.7
"paneer butter masala, pizza",19,0,0,8,22.0
"paneer butter masala, masala dosa, pasta",14,0,0,16,35.8
paneer butter masala,8,0,1,11,26.5
"pizza, burger, tandoori chicken",12,0,1,13,43.5
pasta,0,0,0,19,29.2
pizza,11,0,0,10,20.5
"naan, pasta",12,1,0,14,32.4
"fried rice, chicken biryani",18,1,0,18,32.7
"pasta, naan, fried rice",18,1,0,11,35.9
"burger, naan",6,0,0,3,18.9
"pizza, chicken biryani, paneer butter masala",21,0,0,19,42.5
"fried rice, naan",5,0,0,13,28.4
pasta,8,0,0,1,17.8
"pizza, paneer butter masala",11,0,1,11,35.6
burger,20,0,0,17,30.0
"naan, masala dosa",0,0,0,16,26.9
naan,20,0,0,9,24.8
"pasta, pizza, veg biryani",11,0,0,11,31.7
burger,8,0,0,9,20.8
"fried rice, naan, pizza",11,1,0,4,29.6
"paneer butter masala, pizza, masala dosa",13,0,0,16,38.7
fried rice,19,0,0,13,22.2
fried rice,11,1,0,14,28.6
"paneer butter masala, pizza, pasta",18,1,1,2,38.6
"burger, pizza",12,0,0,13,26.2
fried rice,5,0,0,10,18.9
"paneer butter masala, tandoori chicken",6,0,0,15,25.5
"tandoori chicken, burger, naan",21,0,0,15,38.8
"chicken biryani, pasta, paneer butter masala",21,0,0,3,32.9
"pizza, paneer butter masala",3,0,1,6,31.5
naan,15,0,0,5,20.1
"chicken biryani, masala dosa",13,1,0,16,31.5
"burger, fried rice",0,0,0,6,20.8
veg biryani,12,1,0,5,22.9
"pasta, burger",9,1,0,16,30.3
masala dosa,5,0,0,2,18.2
"veg biryani, pizza",0,0,0,17,27.7
"veg biryani, pasta, chicken biryani",18,0,0,7,28.8
"chicken biryani, masala dosa, fried rice",11,0,0,13,35.7
pasta,10,1,0,1,19.4
"tandoori chicken, chicken biryani",13,0,0,13,30.1
"paneer butter masala, pizza, chicken biryani",15,0,0,9,28.9
"chicken biryani, fried rice, tandoori chicken",5,1,0,4,29.5
"burger, tandoori chicken",16,0,0,16,26.1
"chicken biryani, fried rice",15,1,0,6,24.5
pizza,2,1,0,16,23.6
"chicken biryani, pasta, masala dosa",17,1,0,17,34.6
veg biryani,6,0,0,15,19.9
"pasta, chicken biryani",13,1,0,9,33.8
fried rice,2,1,0,15,29.1
"burger, masala dosa, veg biryani",18,0,0,10,30.0
naan,4,0,0,8,15.8
"pizza, burger",15,0,0,7,22.2
"chicken biryani, tandoori chicken",15,1,1,9,36.9
"veg biryani, fried rice, paneer butter masala",4,0,0,14,32.7
chicken biryani,15,0,1,10,26.2
"fried rice, naan, pizza",15,0,0,6,28.8
pasta,22,1,0,7,22.0
burger,5,0,0,9,18.1
tandoori chicken,3,0,0,8,20.9
"fried rice, burger",0,0,0,17,26.1
pasta,14,1,0,8,21.6
"masala dosa, pasta",15,0,0,8,21.9
naan,13,1,0,7,24.2
"naan, fried rice",9,0,0,10,24.4
fried rice,12,1,0,4,24.2
paneer butter masala,13,0,0,15,28.3
"masala dosa, chicken biryani, burger",7,0,0,2,27.8
"tandoori chicken, pizza",8,0,0,1,22.6
"pizza, tandoori chicken",5,0,0,14,26.8
"pasta, fried rice, tandoori chicken",5,0,0,19,34.4
"naan, pasta, veg biryani",7,0,0,18,35.4
masala dosa,20,0,0,14,25.4
"fried rice, pasta, paneer butter masala",11,1,0,18,37.8
"naan, burger, fried rice",15,0,0,16,27.1
tandoori chicken,11,1,0,7,24.2
"paneer butter masala, pizza, tandoori chicken",5,0,0,14,32.9
tandoori chicken,16,0,0,13,21.0
"naan, masala dosa, fried rice",17,0,0,8,25.8
fried rice,21,0,0,4,20.7
"paneer butter masala, burger",7,0,0,4,22.2
"masala dosa, pizza, pasta",16,0,0,5,33.9
"pizza, pasta, masala dosa",12,0,0,14,35.3
fried rice,4,1,0,17,22.4
pasta,22,0,1,13,26.7
"tandoori chicken, burger, pizza",19,1,0,11,32.0
"veg biryani, fried rice, pasta",23,1,0,16,33.3
"fried rice, burger, tandoori chicken",2,1,0,2,27.6
"veg biryani, pizza",21,0,1,8,34.5
paneer butter masala,17,1,0,2,22.0
"fried rice, burger",0,0,0,5,19.6
naan,14,0,0,9,19.0
fried rice,11,0,0,4,15.7
"chicken biryani, burger, tandoori chicken",0,1,0,13,32.7
paneer butter masala,5,0,1,11,24.9
"pasta, veg biryani",16,0,0,5,21.7
"fried rice, pizza",3,0,0,3,23.2
"burger, paneer butter masala, veg biryani",19,0,0,5,27.6
"naan, veg biryani",21,0,1,16,37.3
veg biryani,2,1,0,2,19.9
masala dosa,22,1,0,3,18.9
veg biryani,15,1,0,12,20.9
masala dosa,7,0,0,7,16.0
chicken biryani,9,0,0,1,17.8
"fried rice, tandoori chicken",23,1,0,4,27.3
fried rice,4,0,0,15,18.9
"pasta, fried rice",19,0,0,13,24.3
"paneer butter masala, tandoori chicken",1,0,1,12,31.7
"burger, naan, pasta",15,1,0,3,27.2
"burger, pizza, fried rice",18,0,0,7,26.7
masala dosa,9,1,0,3,18.1
pizza,23,0,0,13,20.7
"veg biryani, tandoori chicken, chicken biryani",10,0,0,7,25.5
masala dosa,19,1,0,8,21.9
"masala dosa, fried rice",16,0,1,4,27.9
"chicken biryani, burger",21,0,0,2,22.6
"veg biryani, burger, masala dosa",12,0,0,10,34.7
"burger, tandoori chicken, masala dosa",11,1,0,18,40.0
"pizza, chicken biryani, paneer butter masala",18,0,0,10,29.5
pizza,3,0,0,10,19.8
"veg biryani, pasta, tandoori chicken",13,0,0,14,40.6
"pizza, chicken biryani, fried rice",12,0,0,6,36.1
veg biryani,6,0,0,14,22.9
"burger, tandoori chicken, masala dosa",8,0,0,9,29.7
burger,22,0,0,16,23.0
"paneer butter masala, chicken biryani, veg biryani",16,0,0,12,34.7
"pizza, chicken biryani",9,1,0,13,30.3
"veg biryani, masala dosa",0,1,0,15,29.3
naan,18,0,0,8,19.3
"veg biryani, masala dosa, tandoori chicken",7,0,0,12,28.2
burger,2,0,0,6,17.2
"veg biryani, burger, masala dosa",14,0,0,15,29.8
"naan, veg biryani, fried rice",13,1,0,7,36.1
"pasta, masala dosa",23,0,1,11,27.3
tandoori chicken,10,0,0,2,16.4
"burger, pasta",9,0,0,2,19.7
"naan, pizza, burger",2,1,0,17,35.9
"pizza, naan",0,1,0,8,30.5
"pizza, veg biryani",7,0,0,7,22.3
"fried rice, naan, pasta",8,0,0,3,27.4
"fried rice, burger, naan",22,0,0,5,27.4
"masala dosa, naan, pasta",16,0,0,6,25.9
"tandoori chicken, pasta",6,0,0,19,29.4
"burger, masala dosa, fried rice",7,0,0,5,24.9
"paneer butter masala, chicken biryani",13,0,0,2,26.9
"chicken biryani, veg biryani, pizza",11,0,1,16,41.4
"naan, fried rice",12,1,0,18,34.1
paneer butter masala,12,0,0,3,20.7
"tandoori chicken, burger",8,0,0,5,24.7
"tandoori chicken, masala dosa",4,0,0,15,25.0
"chicken biryani, veg biryani",2,0,0,7,25.2
tandoori chicken,8,0,1,18,31.8
"fried rice, naan",14,1,0,5,23.1
tandoori chicken,3,0,0,18,24.5
naan,13,0,0,7,23.5
tandoori chicken,23,1,0,18,24.8
"naan, veg biryani, fried rice",17,0,0,10,32.4
paneer butter masala,23,0,0,14,24.8
"veg biryani, pizza, pasta",20,0,0,9,34.2
"fried rice, paneer butter masala, veg biryani",8,0,0,3,25.6
"pasta, burger",4,0,0,17,23.1
naan,12,0,0,8,21.2
"veg biryani, fried rice",10,0,0,14,24.7
fried rice,23,0,0,3,15.0
"veg biryani, naan",7,0,0,15,23.9
"paneer butter masala, chicken biryani",10,0,0,2,22.8
fried rice,14,1,0,2,18.4
"veg biryani, tandoori chicken",23,0,0,11,27.6
"pizza, chicken biryani",8,0,0,15,24.5
"fried rice, chicken biryani",18,0,0,17,30.0
"pizza, tandoori chicken",0,0,0,1,21.1
burger,3,0,0,16,26.4
"naan, fried rice",19,0,0,19,32.0
"naan, chicken biryani",10,1,0,16,31.1
"veg biryani, naan, fried rice",13,0,0,4,31.8
"paneer butter masala, masala dosa",20,0,0,5,24.7
"chicken biryani, burger",4,1,0,5,25.4
masala dosa,0,0,0,3,15.7
"masala dosa, veg biryani, tandoori chicken",11,0,0,1,26.7
"fried rice, chicken biryani, tandoori chicken",16,0,1,1,30.5
masala dosa,23,0,1,4,27.1
"fried rice, tandoori chicken, paneer butter masala",15,0,0,9,31.2
tandoori chicken,21,1,0,8,28.3
"tandoori chicken, naan",23,0,0,7,26.4
"pasta, chicken biryani",10,1,0,18,32.7
"naan, fried rice",21,0,1,6,36.0
naan,2,0,0,19,27.5
naan,20,0,0,5,24.5
chicken biryani,2,1,0,13,26.3
"veg biryani, pizza, fried rice",16,1,0,8,33.4
masala dosa,1,0,0,15,18.3
pizza,10,0,0,16,19.8
masala dosa,20,0,0,19,28.6
pizza,0,0,1,9,28.1
"pasta, naan, veg biryani",20,0,0,18,39.0
"tandoori chicken, fried rice, veg biryani",18,0,0,3,25.3
"paneer butter masala, tandoori chicken, masala dosa",21,0,0,12,36.6
"masala dosa, burger, paneer butter masala",8,0,0,3,25.9
pasta,1,0,0,10,19.6
"tandoori chicken, naan, masala dosa",14,0,0,12,31.6
"fried rice, paneer butter masala, veg biryani",10,0,0,19,35.3
naan,16,0,0,17,23.5
"pizza, masala dosa, naan",17,0,0,4,25.2
"paneer butter masala, pizza, burger",20,0,0,11,35.2
paneer butter masala,18,0,1,16,30.2
masala dosa,8,1,1,5,25.9
"naan, chicken biryani",3,0,0,12,27.6
masala dosa,11,0,0,14,27.2
"pizza, masala dosa",4,0,1,3,30.2
"naan, paneer butter masala, burger",10,1,0,4,33.0
"fried rice, masala dosa, veg biryani",16,0,0,2,24.1
"naan, pizza, paneer butter masala",21,0,1,1,38.0
"pizza, burger",11,0,0,13,24.5
"pizza, tandoori chicken, naan",15,0,0,13,30.5
naan,2,0,0,10,20.5
"chicken biryani, paneer butter masala",8,0,0,5,19.7
"tandoori chicken, paneer butter masala",14,1,0,17,29.5
"masala dosa, pizza, veg biryani",8,1,0,13,34.2
"chicken biryani, tandoori chicken",17,0,0,15,27.0
"pizza, burger, chicken biryani",22,0,0,9,25.8
"veg biryani, pasta, naan",13,0,0,17,36.7
"veg biryani, burger, naan",19,0,0,17,32.5
"naan, burger, pizza",7,0,0,4,23.4
"burger, pasta, tandoori chicken",8,1,0,17,39.2
tandoori chicken,15,0,0,2,18.8
"masala dosa, tandoori chicken, veg biryani",13,0,0,9,33.9
tandoori chicken,12,0,0,18,30.1
"naan, fried rice, pasta",22,0,0,19,34.5
"naan, burger",5,0,0,8,22.0
"naan, chicken biryani",14,0,0,2,18.9
tandoori chicken,3,0,0,19,24.9
"fried rice, masala dosa",2,0,0,1,22.2
"veg biryani, chicken biryani",16,0,0,18,31.0
"veg biryani, tandoori chicken, masala dosa",17,0,0,9,31.3
"veg biryani, tandoori chicken",9,0,0,17,28.6
"pizza, burger",12,0,1,3,32.1
"veg biryani, burger, paneer butter masala",5,0,0,18,37.8
"tandoori chicken, pizza, fried rice",23,1,0,8,29.8
tandoori chicken,9,0,0,2,19.6
"pasta, fried rice, tandoori chicken",11,1,0,5,29.3
fried rice,7,0,0,14,20.7
"chicken biryani, pizza, burger",2,0,0,6,28.1
"burger, paneer butter masala, naan",11,0,0,10,28.3
tandoori chicken,0,0,0,10,19.1
"tandoori chicken, naan",11,0,0,19,29.7
"masala dosa, chicken biryani",0,1,0,18,33.2
"masala dosa, chicken biryani, fried rice",11,0,0,2,28.5
veg biryani,23,1,0,4,18.9
"masala dosa, chicken biryani",19,1,0,11,32.6
"chicken biryani, pizza",14,0,1,15,34.5
"burger, pasta, pizza",10,0,1,5,35.8
"masala dosa, pasta",0,0,0,15,27.1
"fried rice, pasta, tandoori chicken",10,0,0,9,28.8
burger,2,1,0,1,18.6
"paneer butter masala, masala dosa",19,1,1,7,35.3
veg biryani,2,0,0,17,24.3
paneer butter masala,18,1,0,18,28.9
"paneer butter masala, fried rice, burger",22,1,0,1,29.1
"veg biryani, burger, fried rice",10,0,0,19,36.1
paneer butter masala,20,0,0,11,25.4
"naan, tandoori chicken, burger",11,0,0,16,33.3
"masala dosa, pizza, chicken biryani",9,0,1,19,39.1
"masala dosa, veg biryani",0,0,0,13,29.8
"naan, masala dosa, veg biryani",14,1,0,10,31.1
"veg biryani, tandoori chicken, naan",15,1,0,8,31.4
"masala dosa, burger",10,0,1,5,26.3
"tandoori chicken, paneer butter masala, burger",16,0,0,13,31.5
"burger, masala dosa",14,0,0,15,25.2
"burger, pasta",0,1,0,18,35.0
"masala dosa, paneer butter masala",2,0,1,14,33.7
tandoori chicken,12,0,0,3,20.3
tandoori chicken,19,0,0,19,23.3
"pasta, burger, chicken biryani",8,0,0,7,27.2
burger,7,0,0,18,26.9
"tandoori chicken, masala dosa, pizza",13,1,0,5,34.9
tandoori chicken,9,1,0,7,19.6
"burger, pizza",16,0,0,19,33.2
pasta,3,0,0,17,24.5
paneer butter masala,12,0,0,11,26.8
veg biryani,13,1,0,4,22.9
"paneer butter masala, fried rice",10,0,1,2,26.0
"burger, naan",14,0,0,8,21.9
"chicken biryani, fried rice, pizza",2,0,1,4,34.2
masala dosa,4,1,0,5,21.1
"burger, veg biryani, masala dosa",16,1,0,9,38.0
"fried rice, masala dosa",1,1,0,2,20.5
"chicken biryani, burger",6,0,0,4,23.8
"fried rice, naan",22,0,0,13,24.6
"pizza, chicken biryani",18,0,0,15,25.7
"masala dosa, paneer butter masala",23,0,0,17,29.7
"paneer butter masala, burger",0,0,0,9,25.9
"fried rice, veg biryani, tandoori chicken",13,0,0,11,37.3
"tandoori chicken, naan, paneer butter masala",17,0,0,15,32.6
"paneer butter masala, pasta, naan",13,1,0,9,36.8
pasta,21,1,0,17,36.2
"naan, paneer butter masala",2,1,0,15,31.9
"pasta, masala dosa",16,0,1,9,33.5
fried rice,2,0,0,6,15.3
burger,9,0,0,14,21.7
"burger, veg biryani, pizza",19,0,0,19,33.2
"pasta, veg biryani, paneer butter masala",23,1,0,3,32.0
fried rice,2,0,0,9,18.8
"pasta, burger",21,0,0,14,32.4
"burger, pizza, paneer butter masala",3,1,0,10,30.2
burger,13,0,0,4,23.0
"paneer butter masala, masala dosa",0,0,0,8,21.9
"pasta, paneer butter masala",1,1,0,7,24.1
"tandoori chicken, chicken biryani",10,1,0,4,24.3
"naan, chicken biryani, pasta",4,0,0,18,32.3
"pasta, naan, tandoori chicken",7,0,0,4,26.9
"burger, chicken biryani, paneer butter masala",16,0,1,4,32.6
"veg biryani, chicken biryani",21,0,0,10,31.0
paneer butter masala,3,1,0,3,17.4
"masala dosa, veg biryani",23,0,0,8,23.8
"pasta, chicken biryani",10,0,0,5,22.2
masala dosa,3,0,1,8,24.7
paneer butter masala,19,0,0,9,20.7
"fried rice, veg biryani",1,0,0,14,27.1
pasta,21,0,0,14,32.0
"masala dosa, tandoori chicken",19,0,0,7,21.7
"veg biryani, paneer butter masala",7,1,0,10,24.6
chicken biryani,18,0,0,19,26.5
"veg biryani, naan",7,0,0,5,23.2
tandoori chicken,14,0,0,6,20.4
"naan, burger",0,0,0,13,22.6
"veg biryani, burger",22,0,0,13,24.4
"pizza, tandoori chicken, masala dosa",2,0,0,1,24.2
"pasta, chicken biryani",4,0,0,4,23.6
"masala dosa, pasta, burger",14,1,1,15,42.5
"pizza, veg biryani, burger",2,0,1,9,34.5
"naan, veg biryani",9,0,0,16,28.7
"masala dosa, tandoori chicken, pizza",15,0,0,18,32.9
"naan, masala dosa, pasta",2,1,0,5,30.1
"pizza, chicken biryani, naan",12,0,0,5,31.9
"tandoori chicken, chicken biryani, pasta",22,0,0,4,25.0
"masala dosa, chicken biryani",22,0,0,11,23.0
"burger, masala dosa",10,0,0,2,21.9
"fried rice, pizza",1,0,0,16,27.0
"veg biryani, masala dosa, pizza",5,0,0,12,32.8
naan,12,1,1,12,37.3
"masala dosa, tandoori chicken",21,0,0,17,34.8
fried rice,17,0,0,10,19.6
"masala dosa, veg biryani",15,0,0,12,24.6
"fried rice, pizza, tandoori chicken",14,0,0,13,28.6
"pasta, fried rice",5,0,1,19,40.0
"burger, masala dosa, pasta",4,0,0,11,30.5
"pasta, tandoori chicken",5,1,0,8,27.3
"tandoori chicken, masala dosa, burger",21,1,0,18,40.3
"chicken biryani, paneer butter masala",23,0,0,15,28.6
"burger, paneer butter masala",15,0,0,5,21.4
"chicken biryani, fried rice",6,1,0,16,31.4
naan,0,0,0,19,22.8
veg biryani,16,0,1,18,34.3
"paneer butter masala, veg biryani, chicken biryani",20,0,0,12,34.7
"naan, veg biryani, masala dosa",11,0,0,10,30.6
